Block Type,96-Well 0.1-mL Block,,,,,,,,,,,,,,,,,,,,,,,,,,,,,
Calibration Background is expired ,Yes,,,,,,,,,,,,,,,,,,,,,,,,,,,,,
Calibration Background performed on,08-19-2022,,,,,,,,,,,,,,,,,,,,,,,,,,,,,
Calibration Pure Dye ABY is expired,Yes,,,,,,,,,,,,,,,,,,,,,,,,,,,,,
Calibration Pure Dye ABY performed on,08-19-2022,,,,,,,,,,,,,,,,,,,,,,,,,,,,,
Calibration Pure Dye FAM is expired,Yes,,,,,,,,,,,,,,,,,,,,,,,,,,,,,
Calibration Pure Dye FAM performed on,08-19-2022,,,,,,,,,,,,,,,,,,,,,,,,,,,,,
Calibration Pure Dye JUN is expired,Yes,,,,,,,,,,,,,,,,,,,,,,,,,,,,,
Calibration Pure Dye JUN performed on,08-19-2022,,,,,,,,,,,,,,,,,,,,,,,,,,,,,
Calibration Pure Dye NED is expired,Yes,,,,,,,,,,,,,,,,,,,,,,,,,,,,,
Calibration Pure Dye NED performed on,08-19-2022,,,,,,,,,,,,,,,,,,,,,,,,,,,,,
Calibration Pure Dye ROX is expired,Yes,,,,,,,,,,,,,,,,,,,,,,,,,,,,,
Calibration Pure Dye ROX performed on,08-19-2022,,,,,,,,,,,,,,,,,,,,,,,,,,,,,
Calibration Pure Dye SYBR is expired,Yes,,,,,,,,,,,,,,,,,,,,,,,,,,,,,
Calibration Pure Dye SYBR performed on,08-19-2022,,,,,,,,,,,,,,,,,,,,,,,,,,,,,
Calibration Pure Dye TAMRA is expired,Yes,,,,,,,,,,,,,,,,,,,,,,,,,,,,,
Calibration Pure Dye TAMRA performed on,08-19-2022,,,,,,,,,,,,,,,,,,,,,,,,,,,,,
Calibration Pure Dye VIC is expired,Yes,,,,,,,,,,,,,,,,,,,,,,,,,,,,,
Calibration Pure Dye VIC performed on,08-19-2022,,,,,,,,,,,,,,,,,,,,,,,,,,,,,
Calibration ROI is expired ,Yes,,,,,,,,,,,,,,,,,,,,,,,,,,,,,
Calibration ROI performed on,08-19-2022,,,,,,,,,,,,,,,,,,,,,,,,,,,,,
Calibration Uniformity is expired ,Yes,,,,,,,,,,,,,,,,,,,,,,,,,,,,,
Calibration Uniformity performed on,08-19-2022,,,,,,,,,,,,,,,,,,,,,,,,,,,,,
Chemistry,TAQMAN,,,,,,,,,,,,,,,,,,,,,,,,,,,,,
Date Created,2024-08-21 16:36:20 PM PDT,,,,,,,,,,,,,,,,,,,,,,,,,,,,,
Experiment Barcode,,,,,,,,,,,,,,,,,,,,,,,,,,,,,,
Experiment Comment,,,,,,,,,,,,,,,,,,,,,,,,,,,,,,
Experiment File Name,D:\Users\INSTR-ADMIN\Desktop\Jaime\2024-08-21_JGCLIO_PsalEnvSch.eds,,,,,,,,,,,,,,,,,,,,,,,,,,,,,
Experiment Name,2024-08-21_JGCLIO_PsalEnvSch,,,,,,,,,,,,,,,,,,,,,,,,,,,,,
Experiment Run End Time,2024-08-21 22:29:18 PM PDT,,,,,,,,,,,,,,,,,,,,,,,,,,,,,
Experiment Type,Standard Curve,,,,,,,,,,,,,,,,,,,,,,,,,,,,,
Instrument Name,      272313530,,,,,,,,,,,,,,,,,,,,,,,,,,,,,
Instrument Serial Number,272313530,,,,,,,,,,,,,,,,,,,,,,,,,,,,,
Instrument Type,QuantStudio™ 3 System,,,,,,,,,,,,,,,,,,,,,,,,,,,,,
Passive Reference,ROX,,,,,,,,,,,,,,,,,,,,,,,,,,,,,
Post-read Stage/Step,,,,,,,,,,,,,,,,,,,,,,,,,,,,,,
Pre-read Stage/Step,,,,,,,,,,,,,,,,,,,,,,,,,,,,,,
Quantification Cycle Method,Ct,,,,,,,,,,,,,,,,,,,,,,,,,,,,,
Signal Smoothing On,true,,,,,,,,,,,,,,,,,,,,,,,,,,,,,
Stage/ Cycle where Ct Analysis is performed,"Stage2, Step2",,,,,,,,,,,,,,,,,,,,,,,,,,,,,
User Name,,,,,,,,,,,,,,,,,,,,,,,,,,,,,,
,,,,,,,,,,,,,,,,,,,,,,,,,,,,,,
Well,Well Position,Omit,Sample Name,Target Name,Task,Reporter,Quencher,CT,Ct Mean,Ct SD,Quantity,Quantity Mean,Quantity SD,Y-Intercept,R(superscript 2),Slope,Efficiency,Automatic Ct Threshold,Ct Threshold,Automatic Baseline,Baseline Start,Baseline End,Amp Status,Comments,Cq Conf,CQCONF,THOLDFAIL,EXPFAIL,HIGHSD,NOAMP
1,A1,FALSE,KN1922,env,UNKNOWN,NED,NFQ-MGB,32.043,32.235,0.479,156.276,143.627,35.351,41.115,0.993,-4.135,74.505,TRUE,0.040,TRUE,3,28,Amp,,0.869,N,Y,N,N,N
1,A1,FALSE,KN1922,pisck_sal,UNKNOWN,VIC,NFQ-MGB,30.189,29.380,0.749,75.430,138.705,62.152,36.753,0.995,-3.496,93.215,TRUE,0.040,TRUE,3,27,Amp,,0.951,N,Y,N,Y,N
1,A1,FALSE,KN1922,sch,UNKNOWN,FAM,NFQ-MGB,28.447,27.795,0.585,281.578,467.816,172.022,36.515,0.998,-3.294,101.187,TRUE,0.072,TRUE,3,25,Amp,,0.959,N,N,N,Y,N
2,A2,FALSE,KN1922,env,UNKNOWN,NED,NFQ-MGB,32.779,32.235,0.479,103.691,143.627,35.351,41.115,0.993,-4.135,74.505,TRUE,0.040,TRUE,3,29,Amp,,0.857,N,Y,N,N,N
2,A2,FALSE,KN1922,pisck_sal,UNKNOWN,VIC,NFQ-MGB,29.239,29.380,0.749,141.013,138.705,62.152,36.753,0.995,-3.496,93.215,TRUE,0.040,TRUE,3,26,Amp,,0.960,N,Y,N,Y,N
2,A2,FALSE,KN1922,sch,UNKNOWN,FAM,NFQ-MGB,27.622,27.795,0.585,501.116,467.816,172.022,36.515,0.998,-3.294,101.187,TRUE,0.072,TRUE,3,24,Amp,,0.964,N,N,N,Y,N
3,A3,FALSE,KN1922,env,UNKNOWN,NED,NFQ-MGB,31.882,32.235,0.479,170.914,143.627,35.351,41.115,0.993,-4.135,74.505,TRUE,0.040,TRUE,3,28,Amp,,0.807,N,Y,N,N,N
3,A3,FALSE,KN1922,pisck_sal,UNKNOWN,VIC,NFQ-MGB,28.711,29.380,0.749,199.671,138.705,62.152,36.753,0.995,-3.496,93.215,TRUE,0.040,TRUE,3,26,Amp,,0.959,N,Y,N,Y,N
3,A3,FALSE,KN1922,sch,UNKNOWN,FAM,NFQ-MGB,27.316,27.795,0.585,620.754,467.816,172.022,36.515,0.998,-3.294,101.187,TRUE,0.072,TRUE,3,24,Amp,,0.966,N,N,N,Y,N
4,A4,FALSE,CL2037,env,UNKNOWN,NED,NFQ-MGB,28.352,28.456,0.153,"1,220.100","1,153.966",95.778,41.115,0.993,-4.135,74.505,TRUE,0.040,TRUE,3,25,Amp,,0.994,N,Y,N,N,N
4,A4,FALSE,CL2037,pisck_sal,UNKNOWN,VIC,NFQ-MGB,30.593,30.127,0.404,57.825,80.361,19.534,36.753,0.995,-3.496,93.215,TRUE,0.040,TRUE,3,28,Amp,,0.963,N,Y,N,N,N
4,A4,FALSE,CL2037,sch,UNKNOWN,FAM,NFQ-MGB,27.865,27.553,0.296,422.871,533.538,107.862,36.515,0.998,-3.294,101.187,TRUE,0.072,TRUE,3,24,Amp,,0.974,N,N,N,N,N
5,A5,FALSE,CL2037,env,UNKNOWN,NED,NFQ-MGB,28.385,28.456,0.153,"1,197.666","1,153.966",95.778,41.115,0.993,-4.135,74.505,TRUE,0.040,TRUE,3,25,Amp,,0.984,N,Y,N,N,N
5,A5,FALSE,CL2037,pisck_sal,UNKNOWN,VIC,NFQ-MGB,29.907,30.127,0.404,90.832,80.361,19.534,36.753,0.995,-3.496,93.215,TRUE,0.040,TRUE,3,27,Amp,,0.961,N,Y,N,N,N
5,A5,FALSE,CL2037,sch,UNKNOWN,FAM,NFQ-MGB,27.517,27.553,0.296,539.385,533.538,107.862,36.515,0.998,-3.294,101.187,TRUE,0.072,TRUE,3,24,Amp,,0.973,N,N,N,N,N
6,A6,FALSE,CL2037,env,UNKNOWN,NED,NFQ-MGB,28.631,28.456,0.153,"1,044.131","1,153.966",95.778,41.115,0.993,-4.135,74.505,TRUE,0.040,TRUE,3,26,Amp,,0.967,N,Y,N,N,N
6,A6,FALSE,CL2037,pisck_sal,UNKNOWN,VIC,NFQ-MGB,29.881,30.127,0.404,92.428,80.361,19.534,36.753,0.995,-3.496,93.215,TRUE,0.040,TRUE,3,27,Amp,,0.951,N,Y,N,N,N
6,A6,FALSE,CL2037,sch,UNKNOWN,FAM,NFQ-MGB,27.276,27.553,0.296,638.358,533.538,107.862,36.515,0.998,-3.294,101.187,TRUE,0.072,TRUE,3,24,Amp,,0.970,N,N,N,N,N
7,A7,FALSE,CL2212,env,UNKNOWN,NED,NFQ-MGB,33.115,36.964,3.354,86.012,31.025,47.626,41.115,0.993,-4.135,74.505,TRUE,0.040,TRUE,3,29,Amp,,0.837,N,Y,N,Y,N
7,A7,FALSE,CL2212,pisck_sal,UNKNOWN,VIC,NFQ-MGB,31.277,30.635,0.568,36.860,58.740,19.731,36.753,0.995,-3.496,93.215,TRUE,0.040,TRUE,3,28,Amp,,0.928,N,Y,N,Y,N
7,A7,FALSE,CL2212,sch,UNKNOWN,FAM,NFQ-MGB,28.057,27.647,0.358,369.845,502.368,116.077,36.515,0.998,-3.294,101.187,TRUE,0.072,TRUE,3,24,Amp,,0.965,N,N,N,N,N
8,A8,FALSE,CL2212,env,UNKNOWN,NED,NFQ-MGB,38.515,36.964,3.354,4.254,31.025,47.626,41.115,0.993,-4.135,74.505,TRUE,0.040,TRUE,3,29,No Amp,,0.584,Y,Y,N,Y,N
8,A8,FALSE,CL2212,pisck_sal,UNKNOWN,VIC,NFQ-MGB,30.194,30.635,0.568,75.180,58.740,19.731,36.753,0.995,-3.496,93.215,TRUE,0.040,TRUE,3,28,Amp,,0.941,N,Y,N,Y,N
8,A8,FALSE,CL2212,sch,UNKNOWN,FAM,NFQ-MGB,27.398,27.647,0.358,586.005,502.368,116.077,36.515,0.998,-3.294,101.187,TRUE,0.072,TRUE,3,24,Amp,,0.968,N,N,N,N,N
9,A9,FALSE,CL2212,env,UNKNOWN,NED,NFQ-MGB,39.261,36.964,3.354,2.808,31.025,47.626,41.115,0.993,-4.135,74.505,TRUE,0.040,TRUE,3,30,No Amp,,0.572,Y,Y,N,Y,N
9,A9,FALSE,CL2212,pisck_sal,UNKNOWN,VIC,NFQ-MGB,30.435,30.635,0.568,64.179,58.740,19.731,36.753,0.995,-3.496,93.215,TRUE,0.040,TRUE,3,28,Amp,,0.943,N,Y,N,Y,N
9,A9,FALSE,CL2212,sch,UNKNOWN,FAM,NFQ-MGB,27.486,27.647,0.358,551.255,502.368,116.077,36.515,0.998,-3.294,101.187,TRUE,0.072,TRUE,3,24,Amp,,0.973,N,N,N,N,N
10,A10,FALSE,EB0108,env,UNKNOWN,NED,NFQ-MGB,Undetermined,,,,,,41.115,0.993,-4.135,74.505,TRUE,0.040,TRUE,3,44,No Amp,,0.000,Y,Y,Y,N,Y
10,A10,FALSE,EB0108,pisck_sal,UNKNOWN,VIC,NFQ-MGB,34.819,34.819,,3.574,3.574,,36.753,0.995,-3.496,93.215,TRUE,0.040,TRUE,3,31,Amp,,0.793,Y,Y,N,N,N
10,A10,FALSE,EB0108,sch,UNKNOWN,FAM,NFQ-MGB,Undetermined,,,,,,36.515,0.998,-3.294,101.187,TRUE,0.072,TRUE,3,44,No Amp,,0.000,Y,N,Y,N,Y
12,A12,FALSE,S1E6,env,STANDARD,NED,NFQ-MGB,16.843,16.843,,"1,000,000.000","1,000,000.000",,41.115,0.993,-4.135,74.505,TRUE,0.040,TRUE,3,14,Amp,,0.988,N,Y,N,N,N
12,A12,FALSE,S1E6,pisck_sal,STANDARD,VIC,NFQ-MGB,15.930,15.930,,"1,000,000.000","1,000,000.000",,36.753,0.995,-3.496,93.215,TRUE,0.040,TRUE,3,13,Amp,,0.986,N,Y,N,N,N
12,A12,FALSE,S1E6,sch,STANDARD,FAM,NFQ-MGB,16.536,16.536,,"1,000,000.000","1,000,000.000",,36.515,0.998,-3.294,101.187,TRUE,0.072,TRUE,3,13,Amp,,0.977,N,N,N,N,N
13,B1,FALSE,CL2459,env,UNKNOWN,NED,NFQ-MGB,35.897,35.670,0.321,18.279,20.906,3.714,41.115,0.993,-4.135,74.505,TRUE,0.040,TRUE,3,29,No Amp,,0.751,Y,Y,N,N,N
13,B1,FALSE,CL2459,pisck_sal,UNKNOWN,VIC,NFQ-MGB,29.335,28.762,0.708,132.391,208.271,102.683,36.753,0.995,-3.496,93.215,TRUE,0.040,TRUE,3,26,Amp,,0.964,N,Y,N,Y,N
13,B1,FALSE,CL2459,sch,UNKNOWN,FAM,NFQ-MGB,27.090,26.766,0.339,726.884,929.079,221.448,36.515,0.998,-3.294,101.187,TRUE,0.072,TRUE,3,24,Amp,,0.972,N,N,N,N,N
14,B2,FALSE,CL2459,env,UNKNOWN,NED,NFQ-MGB,35.443,35.670,0.321,23.532,20.906,3.714,41.115,0.993,-4.135,74.505,TRUE,0.040,TRUE,3,28,No Amp,,0.707,Y,Y,N,N,N
14,B2,FALSE,CL2459,pisck_sal,UNKNOWN,VIC,NFQ-MGB,28.980,28.762,0.708,167.310,208.271,102.683,36.753,0.995,-3.496,93.215,TRUE,0.040,TRUE,3,26,Amp,,0.961,N,Y,N,Y,N
14,B2,FALSE,CL2459,sch,UNKNOWN,FAM,NFQ-MGB,26.793,26.766,0.339,894.614,929.079,221.448,36.515,0.998,-3.294,101.187,TRUE,0.072,TRUE,3,23,Amp,,0.972,N,N,N,N,N
15,B3,FALSE,CL2459,env,UNKNOWN,NED,NFQ-MGB,Undetermined,35.670,0.321,,,,41.115,0.993,-4.135,74.505,TRUE,0.040,TRUE,3,44,No Amp,,0.000,Y,Y,Y,N,N
15,B3,FALSE,CL2459,pisck_sal,UNKNOWN,VIC,NFQ-MGB,27.971,28.762,0.708,325.113,208.271,102.683,36.753,0.995,-3.496,93.215,TRUE,0.040,TRUE,3,25,Amp,,0.964,N,Y,N,Y,N
15,B3,FALSE,CL2459,sch,UNKNOWN,FAM,NFQ-MGB,26.414,26.766,0.339,"1,165.739",929.079,221.448,36.515,0.998,-3.294,101.187,TRUE,0.072,TRUE,3,23,Amp,,0.972,N,N,N,N,N
16,B4,FALSE,KN1043,env,UNKNOWN,NED,NFQ-MGB,30.065,30.403,0.426,469.976,396.473,88.508,41.115,0.993,-4.135,74.505,TRUE,0.040,TRUE,3,27,Amp,,0.986,N,Y,N,N,N
16,B4,FALSE,KN1043,pisck_sal,UNKNOWN,VIC,NFQ-MGB,32.037,32.497,0.943,22.333,18.443,9.068,36.753,0.995,-3.496,93.215,TRUE,0.040,TRUE,3,29,Amp,,0.955,N,Y,N,Y,N
16,B4,FALSE,KN1043,sch,UNKNOWN,FAM,NFQ-MGB,29.864,29.679,0.250,104.552,120.243,21.838,36.515,0.998,-3.294,101.187,TRUE,0.072,TRUE,3,26,Amp,,0.971,N,N,N,N,N
17,B5,FALSE,KN1043,env,UNKNOWN,NED,NFQ-MGB,30.262,30.403,0.426,421.216,396.473,88.508,41.115,0.993,-4.135,74.505,TRUE,0.040,TRUE,3,27,Amp,,0.986,N,Y,N,N,N
17,B5,FALSE,KN1043,pisck_sal,UNKNOWN,VIC,NFQ-MGB,33.581,32.497,0.943,8.079,18.443,9.068,36.753,0.995,-3.496,93.215,TRUE,0.040,TRUE,3,30,Amp,,0.916,N,Y,N,Y,N
17,B5,FALSE,KN1043,sch,UNKNOWN,FAM,NFQ-MGB,29.394,29.679,0.250,145.184,120.243,21.838,36.515,0.998,-3.294,101.187,TRUE,0.072,TRUE,3,26,Amp,,0.974,N,N,N,N,N
18,B6,FALSE,KN1043,env,UNKNOWN,NED,NFQ-MGB,30.882,30.403,0.426,298.226,396.473,88.508,41.115,0.993,-4.135,74.505,TRUE,0.040,TRUE,3,28,Amp,,0.983,N,Y,N,N,N
18,B6,FALSE,KN1043,pisck_sal,UNKNOWN,VIC,NFQ-MGB,31.871,32.497,0.943,24.917,18.443,9.068,36.753,0.995,-3.496,93.215,TRUE,0.040,TRUE,3,29,Amp,,0.958,N,Y,N,Y,N
18,B6,FALSE,KN1043,sch,UNKNOWN,FAM,NFQ-MGB,29.778,29.679,0.250,110.993,120.243,21.838,36.515,0.998,-3.294,101.187,TRUE,0.072,TRUE,3,26,Amp,,0.970,N,N,N,N,N
19,B7,FALSE,CL0361,env,UNKNOWN,NED,NFQ-MGB,30.452,31.288,0.760,378.904,252.985,111.713,41.115,0.993,-4.135,74.505,TRUE,0.040,TRUE,3,27,Amp,,0.968,N,Y,N,Y,N
19,B7,FALSE,CL0361,pisck_sal,UNKNOWN,VIC,NFQ-MGB,30.822,30.735,0.079,49.722,52.692,2.724,36.753,0.995,-3.496,93.215,TRUE,0.040,TRUE,3,28,Amp,,0.954,N,Y,N,N,N
19,B7,FALSE,CL0361,sch,UNKNOWN,FAM,NFQ-MGB,29.760,29.687,0.170,112.402,118.859,14.545,36.515,0.998,-3.294,101.187,TRUE,0.072,TRUE,3,26,Amp,,0.969,N,N,N,N,N
20,B8,FALSE,CL0361,env,UNKNOWN,NED,NFQ-MGB,31.937,31.288,0.760,165.773,252.985,111.713,41.115,0.993,-4.135,74.505,TRUE,0.040,TRUE,3,29,Amp,,0.950,N,Y,N,Y,N
20,B8,FALSE,CL0361,pisck_sal,UNKNOWN,VIC,NFQ-MGB,30.717,30.735,0.079,53.279,52.692,2.724,36.753,0.995,-3.496,93.215,TRUE,0.040,TRUE,3,28,Amp,,0.956,N,Y,N,N,N
20,B8,FALSE,CL0361,sch,UNKNOWN,FAM,NFQ-MGB,29.493,29.687,0.170,135.515,118.859,14.545,36.515,0.998,-3.294,101.187,TRUE,0.072,TRUE,3,26,Amp,,0.972,N,N,N,N,N
21,B9,FALSE,CL0361,env,UNKNOWN,NED,NFQ-MGB,31.476,31.288,0.760,214.280,252.985,111.713,41.115,0.993,-4.135,74.505,TRUE,0.040,TRUE,3,29,Amp,,0.960,N,Y,N,Y,N
21,B9,FALSE,CL0361,pisck_sal,UNKNOWN,VIC,NFQ-MGB,30.667,30.735,0.079,55.075,52.692,2.724,36.753,0.995,-3.496,93.215,TRUE,0.040,TRUE,3,28,Amp,,0.956,N,Y,N,N,N
21,B9,FALSE,CL0361,sch,UNKNOWN,FAM,NFQ-MGB,29.809,29.687,0.170,108.661,118.859,14.545,36.515,0.998,-3.294,101.187,TRUE,0.072,TRUE,3,26,Amp,,0.971,N,N,N,N,N
22,B10,FALSE,CT0931,env,UNKNOWN,NED,NFQ-MGB,Undetermined,,,,,,41.115,0.993,-4.135,74.505,TRUE,0.040,TRUE,3,44,No Amp,,0.000,Y,Y,Y,N,Y
22,B10,FALSE,CT0931,pisck_sal,UNKNOWN,VIC,NFQ-MGB,Undetermined,,,,,,36.753,0.995,-3.496,93.215,TRUE,0.040,TRUE,3,44,No Amp,,0.000,Y,Y,Y,N,N
22,B10,FALSE,CT0931,sch,UNKNOWN,FAM,NFQ-MGB,Undetermined,,,,,,36.515,0.998,-3.294,101.187,TRUE,0.072,TRUE,3,44,No Amp,,0.000,Y,N,Y,N,Y
24,B12,FALSE,S4.5E4,env,STANDARD,NED,NFQ-MGB,21.299,21.299,,"45,000.000","45,000.000",,41.115,0.993,-4.135,74.505,TRUE,0.040,TRUE,3,18,Amp,,0.979,N,Y,N,N,N
24,B12,FALSE,S4.5E4,pisck_sal,STANDARD,VIC,NFQ-MGB,20.590,20.590,,"45,000.000","45,000.000",,36.753,0.995,-3.496,93.215,TRUE,0.040,TRUE,3,17,Amp,,0.977,N,Y,N,N,N
24,B12,FALSE,S4.5E4,sch,STANDARD,FAM,NFQ-MGB,21.385,21.385,,"45,000.000","45,000.000",,36.515,0.998,-3.294,101.187,TRUE,0.072,TRUE,3,17,Amp,,0.978,N,N,N,N,N
25,C1,FALSE,CL2142,env,UNKNOWN,NED,NFQ-MGB,Undetermined,37.504,,,,,41.115,0.993,-4.135,74.505,TRUE,0.040,TRUE,3,44,No Amp,,0.000,Y,Y,Y,N,N
25,C1,FALSE,CL2142,pisck_sal,UNKNOWN,VIC,NFQ-MGB,29.145,28.771,0.514,150.025,199.808,71.958,36.753,0.995,-3.496,93.215,TRUE,0.040,TRUE,3,26,Amp,,0.945,N,Y,N,Y,N
25,C1,FALSE,CL2142,sch,UNKNOWN,FAM,NFQ-MGB,26.597,26.208,0.338,"1,026.195","1,370.575",300.819,36.515,0.998,-3.294,101.187,TRUE,0.072,TRUE,3,23,Amp,,0.972,N,N,N,N,N
26,C2,FALSE,CL2142,env,UNKNOWN,NED,NFQ-MGB,37.504,37.504,,7.469,7.469,,41.115,0.993,-4.135,74.505,TRUE,0.040,TRUE,3,28,No Amp,,0.395,Y,Y,N,N,N
26,C2,FALSE,CL2142,pisck_sal,UNKNOWN,VIC,NFQ-MGB,28.186,28.771,0.514,282.312,199.808,71.958,36.753,0.995,-3.496,93.215,TRUE,0.040,TRUE,3,25,Amp,,0.946,N,Y,N,Y,N
26,C2,FALSE,CL2142,sch,UNKNOWN,FAM,NFQ-MGB,25.978,26.208,0.338,"1,582.055","1,370.575",300.819,36.515,0.998,-3.294,101.187,TRUE,0.072,TRUE,3,22,Amp,,0.969,N,N,N,N,N
27,C3,FALSE,CL2142,env,UNKNOWN,NED,NFQ-MGB,Undetermined,37.504,,,,,41.115,0.993,-4.135,74.505,TRUE,0.040,TRUE,3,44,No Amp,,0.000,Y,Y,Y,N,N
27,C3,FALSE,CL2142,pisck_sal,UNKNOWN,VIC,NFQ-MGB,28.982,28.771,0.514,167.088,199.808,71.958,36.753,0.995,-3.496,93.215,TRUE,0.040,TRUE,3,26,Amp,,0.822,N,Y,N,Y,N
27,C3,FALSE,CL2142,sch,UNKNOWN,FAM,NFQ-MGB,26.050,26.208,0.338,"1,503.474","1,370.575",300.819,36.515,0.998,-3.294,101.187,TRUE,0.072,TRUE,3,23,Amp,,0.950,N,N,N,N,N
28,C4,FALSE,KN0925,env,UNKNOWN,NED,NFQ-MGB,30.827,30.969,0.610,307.411,294.786,93.233,41.115,0.993,-4.135,74.505,TRUE,0.040,TRUE,3,28,Amp,,0.974,N,Y,N,Y,N
28,C4,FALSE,KN0925,pisck_sal,UNKNOWN,VIC,NFQ-MGB,31.474,31.128,0.317,32.358,41.229,8.285,36.753,0.995,-3.496,93.215,TRUE,0.040,TRUE,3,29,Amp,,0.950,N,Y,N,N,N
28,C4,FALSE,KN0925,sch,UNKNOWN,FAM,NFQ-MGB,28.637,28.479,0.138,246.585,276.093,25.939,36.515,0.998,-3.294,101.187,TRUE,0.072,TRUE,3,25,Amp,,0.974,N,N,N,N,N
29,C5,FALSE,KN0925,env,UNKNOWN,NED,NFQ-MGB,31.637,30.969,0.610,195.884,294.786,93.233,41.115,0.993,-4.135,74.505,TRUE,0.040,TRUE,3,28,Amp,,0.941,N,Y,N,Y,N
29,C5,FALSE,KN0925,pisck_sal,UNKNOWN,VIC,NFQ-MGB,30.852,31.128,0.317,48.766,41.229,8.285,36.753,0.995,-3.496,93.215,TRUE,0.040,TRUE,3,28,Amp,,0.952,N,Y,N,N,N
29,C5,FALSE,KN0925,sch,UNKNOWN,FAM,NFQ-MGB,28.379,28.479,0.138,295.294,276.093,25.939,36.515,0.998,-3.294,101.187,TRUE,0.072,TRUE,3,25,Amp,,0.972,N,N,N,N,N
30,C6,FALSE,KN0925,env,UNKNOWN,NED,NFQ-MGB,30.442,30.969,0.610,381.064,294.786,93.233,41.115,0.993,-4.135,74.505,TRUE,0.040,TRUE,3,27,Amp,,0.978,N,Y,N,Y,N
30,C6,FALSE,KN0925,pisck_sal,UNKNOWN,VIC,NFQ-MGB,31.058,31.128,0.317,42.565,41.229,8.285,36.753,0.995,-3.496,93.215,TRUE,0.040,TRUE,3,28,Amp,,0.949,N,Y,N,N,N
30,C6,FALSE,KN0925,sch,UNKNOWN,FAM,NFQ-MGB,28.422,28.479,0.138,286.399,276.093,25.939,36.515,0.998,-3.294,101.187,TRUE,0.072,TRUE,3,24,Amp,,0.972,N,N,N,N,N
31,C7,FALSE,KN1360,env,UNKNOWN,NED,NFQ-MGB,Undetermined,,,,,,41.115,0.993,-4.135,74.505,TRUE,0.040,TRUE,3,44,No Amp,,0.000,Y,Y,Y,N,N
31,C7,FALSE,KN1360,pisck_sal,UNKNOWN,VIC,NFQ-MGB,30.783,30.098,0.610,51.008,84.219,30.262,36.753,0.995,-3.496,93.215,TRUE,0.040,TRUE,3,28,Amp,,0.923,N,Y,N,Y,N
31,C7,FALSE,KN1360,sch,UNKNOWN,FAM,NFQ-MGB,27.796,27.314,0.455,443.779,642.512,195.727,36.515,0.998,-3.294,101.187,TRUE,0.072,TRUE,3,24,Amp,,0.966,N,N,N,N,N
32,C8,FALSE,KN1360,env,UNKNOWN,NED,NFQ-MGB,Undetermined,,,,,,41.115,0.993,-4.135,74.505,TRUE,0.040,TRUE,3,44,No Amp,,0.000,Y,Y,Y,N,N
32,C8,FALSE,KN1360,pisck_sal,UNKNOWN,VIC,NFQ-MGB,29.613,30.098,0.610,110.235,84.219,30.262,36.753,0.995,-3.496,93.215,TRUE,0.040,TRUE,3,27,Amp,,0.943,N,Y,N,Y,N
32,C8,FALSE,KN1360,sch,UNKNOWN,FAM,NFQ-MGB,26.892,27.314,0.455,835.088,642.512,195.727,36.515,0.998,-3.294,101.187,TRUE,0.072,TRUE,3,23,Amp,,0.971,N,N,N,N,N
33,C9,FALSE,KN1360,env,UNKNOWN,NED,NFQ-MGB,Undetermined,,,,,,41.115,0.993,-4.135,74.505,TRUE,0.040,TRUE,3,44,No Amp,,0.000,Y,Y,Y,N,N
33,C9,FALSE,KN1360,pisck_sal,UNKNOWN,VIC,NFQ-MGB,29.898,30.098,0.610,91.414,84.219,30.262,36.753,0.995,-3.496,93.215,TRUE,0.040,TRUE,3,27,Amp,,0.938,N,Y,N,Y,N
33,C9,FALSE,KN1360,sch,UNKNOWN,FAM,NFQ-MGB,27.253,27.314,0.455,648.667,642.512,195.727,36.515,0.998,-3.294,101.187,TRUE,0.072,TRUE,3,24,Amp,,0.970,N,N,N,N,N
34,C10,FALSE,CT0884,env,UNKNOWN,NED,NFQ-MGB,Undetermined,,,,,,41.115,0.993,-4.135,74.505,TRUE,0.040,TRUE,3,44,No Amp,,0.000,Y,Y,Y,N,Y
34,C10,FALSE,CT0884,pisck_sal,UNKNOWN,VIC,NFQ-MGB,33.715,33.715,,7.399,7.399,,36.753,0.995,-3.496,93.215,TRUE,0.040,TRUE,3,30,Amp,,0.781,Y,Y,N,N,N
34,C10,FALSE,CT0884,sch,UNKNOWN,FAM,NFQ-MGB,30.575,30.575,,63.578,63.578,,36.515,0.998,-3.294,101.187,TRUE,0.072,TRUE,3,27,Amp,,0.940,N,N,N,N,N
36,C12,FALSE,S2E3,env,STANDARD,NED,NFQ-MGB,26.969,26.969,,"2,000.000","2,000.000",,41.115,0.993,-4.135,74.505,TRUE,0.040,TRUE,3,24,Amp,,0.985,N,Y,N,N,N
36,C12,FALSE,S2E3,pisck_sal,STANDARD,VIC,NFQ-MGB,24.465,24.465,,"2,000.000","2,000.000",,36.753,0.995,-3.496,93.215,TRUE,0.040,TRUE,3,21,Amp,,0.984,N,Y,N,N,N
36,C12,FALSE,S2E3,sch,STANDARD,FAM,NFQ-MGB,25.905,25.905,,"2,000.000","2,000.000",,36.515,0.998,-3.294,101.187,TRUE,0.072,TRUE,3,22,Amp,,0.987,N,N,N,N,N
37,D1,FALSE,KN0633,env,UNKNOWN,NED,NFQ-MGB,30.484,30.342,0.361,372.110,408.543,85.609,41.115,0.993,-4.135,74.505,TRUE,0.040,TRUE,3,28,Amp,,0.962,N,Y,N,N,N
37,D1,FALSE,KN0633,pisck_sal,UNKNOWN,VIC,NFQ-MGB,29.986,29.631,0.666,86.244,116.685,55.562,36.753,0.995,-3.496,93.215,TRUE,0.040,TRUE,3,27,Amp,,0.967,N,Y,N,Y,N
37,D1,FALSE,KN0633,sch,UNKNOWN,FAM,NFQ-MGB,28.694,28.338,0.490,236.884,316.443,115.450,36.515,0.998,-3.294,101.187,TRUE,0.072,TRUE,3,25,Amp,,0.973,N,N,N,N,N
38,D2,FALSE,KN0633,env,UNKNOWN,NED,NFQ-MGB,29.931,30.342,0.361,506.342,408.543,85.609,41.115,0.993,-4.135,74.505,TRUE,0.040,TRUE,3,27,Amp,,0.971,N,Y,N,N,N
38,D2,FALSE,KN0633,pisck_sal,UNKNOWN,VIC,NFQ-MGB,30.044,29.631,0.666,82.995,116.685,55.562,36.753,0.995,-3.496,93.215,TRUE,0.040,TRUE,3,27,Amp,,0.962,N,Y,N,Y,N
38,D2,FALSE,KN0633,sch,UNKNOWN,FAM,NFQ-MGB,28.541,28.338,0.490,263.587,316.443,115.450,36.515,0.998,-3.294,101.187,TRUE,0.072,TRUE,3,25,Amp,,0.973,N,N,N,N,N
39,D3,FALSE,KN0633,env,UNKNOWN,NED,NFQ-MGB,30.609,30.342,0.361,347.178,408.543,85.609,41.115,0.993,-4.135,74.505,TRUE,0.040,TRUE,3,27,Amp,,0.903,N,Y,N,N,N
39,D3,FALSE,KN0633,pisck_sal,UNKNOWN,VIC,NFQ-MGB,28.862,29.631,0.666,180.815,116.685,55.562,36.753,0.995,-3.496,93.215,TRUE,0.040,TRUE,3,26,Amp,,0.966,N,Y,N,Y,N
39,D3,FALSE,KN0633,sch,UNKNOWN,FAM,NFQ-MGB,27.780,28.338,0.490,448.859,316.443,115.450,36.515,0.998,-3.294,101.187,TRUE,0.072,TRUE,3,24,Amp,,0.972,N,N,N,N,N
40,D4,FALSE,CL1898,env,UNKNOWN,NED,NFQ-MGB,30.935,30.846,0.079,289.496,304.467,13.178,41.115,0.993,-4.135,74.505,TRUE,0.040,TRUE,3,28,Amp,,0.978,N,Y,N,N,N
40,D4,FALSE,CL1898,pisck_sal,UNKNOWN,VIC,NFQ-MGB,31.005,30.991,0.019,44.077,44.489,0.560,36.753,0.995,-3.496,93.215,TRUE,0.040,TRUE,3,28,Amp,,0.954,N,Y,N,N,N
40,D4,FALSE,CL1898,sch,UNKNOWN,FAM,NFQ-MGB,27.670,27.740,0.122,484.647,462.491,38.302,36.515,0.998,-3.294,101.187,TRUE,0.072,TRUE,3,24,Amp,,0.979,N,N,N,N,N
41,D5,FALSE,CL1898,env,UNKNOWN,NED,NFQ-MGB,30.788,30.846,0.079,314.313,304.467,13.178,41.115,0.993,-4.135,74.505,TRUE,0.040,TRUE,3,28,Amp,,0.971,N,Y,N,N,N
41,D5,FALSE,CL1898,pisck_sal,UNKNOWN,VIC,NFQ-MGB,30.969,30.991,0.019,45.126,44.489,0.560,36.753,0.995,-3.496,93.215,TRUE,0.040,TRUE,3,28,Amp,,0.954,N,Y,N,N,N
41,D5,FALSE,CL1898,sch,UNKNOWN,FAM,NFQ-MGB,27.670,27.740,0.122,484.563,462.491,38.302,36.515,0.998,-3.294,101.187,TRUE,0.072,TRUE,3,24,Amp,,0.976,N,N,N,N,N
42,D6,FALSE,CL1898,env,UNKNOWN,NED,NFQ-MGB,30.815,30.846,0.079,309.591,304.467,13.178,41.115,0.993,-4.135,74.505,TRUE,0.040,TRUE,3,28,Amp,,0.975,N,Y,N,N,N
42,D6,FALSE,CL1898,pisck_sal,UNKNOWN,VIC,NFQ-MGB,30.999,30.991,0.019,44.265,44.489,0.560,36.753,0.995,-3.496,93.215,TRUE,0.040,TRUE,3,28,Amp,,0.952,N,Y,N,N,N
42,D6,FALSE,CL1898,sch,UNKNOWN,FAM,NFQ-MGB,27.881,27.740,0.122,418.264,462.491,38.302,36.515,0.998,-3.294,101.187,TRUE,0.072,TRUE,3,24,Amp,,0.975,N,N,N,N,N
43,D7,FALSE,CL1251,env,UNKNOWN,NED,NFQ-MGB,30.689,30.950,0.227,332.091,288.684,37.711,41.115,0.993,-4.135,74.505,TRUE,0.040,TRUE,3,27,Amp,,0.969,N,Y,N,N,N
43,D7,FALSE,CL1251,pisck_sal,UNKNOWN,VIC,NFQ-MGB,29.744,29.896,0.133,101.122,91.738,8.229,36.753,0.995,-3.496,93.215,TRUE,0.040,TRUE,3,27,Amp,,0.959,N,Y,N,N,N
43,D7,FALSE,CL1251,sch,UNKNOWN,FAM,NFQ-MGB,27.448,27.653,0.186,565.818,493.255,65.466,36.515,0.998,-3.294,101.187,TRUE,0.072,TRUE,3,23,Amp,,0.974,N,N,N,N,N
44,D8,FALSE,CL1251,env,UNKNOWN,NED,NFQ-MGB,31.061,30.950,0.227,269.968,288.684,37.711,41.115,0.993,-4.135,74.505,TRUE,0.040,TRUE,3,28,Amp,,0.963,N,Y,N,N,N
44,D8,FALSE,CL1251,pisck_sal,UNKNOWN,VIC,NFQ-MGB,29.995,29.896,0.133,85.756,91.738,8.229,36.753,0.995,-3.496,93.215,TRUE,0.040,TRUE,3,27,Amp,,0.957,N,Y,N,N,N
44,D8,FALSE,CL1251,sch,UNKNOWN,FAM,NFQ-MGB,27.698,27.653,0.186,475.326,493.255,65.466,36.515,0.998,-3.294,101.187,TRUE,0.072,TRUE,3,24,Amp,,0.975,N,N,N,N,N
45,D9,FALSE,CL1251,env,UNKNOWN,NED,NFQ-MGB,31.101,30.950,0.227,263.991,288.684,37.711,41.115,0.993,-4.135,74.505,TRUE,0.040,TRUE,3,28,Amp,,0.948,N,Y,N,N,N
45,D9,FALSE,CL1251,pisck_sal,UNKNOWN,VIC,NFQ-MGB,29.950,29.896,0.133,88.334,91.738,8.229,36.753,0.995,-3.496,93.215,TRUE,0.040,TRUE,3,27,Amp,,0.956,N,Y,N,N,N
45,D9,FALSE,CL1251,sch,UNKNOWN,FAM,NFQ-MGB,27.813,27.653,0.186,438.622,493.255,65.466,36.515,0.998,-3.294,101.187,TRUE,0.072,TRUE,3,24,Amp,,0.973,N,N,N,N,N
46,D10,FALSE,EB0108.1,env,UNKNOWN,NED,NFQ-MGB,Undetermined,,,,,,41.115,0.993,-4.135,74.505,TRUE,0.040,TRUE,3,44,No Amp,,0.000,Y,Y,Y,N,Y
46,D10,FALSE,EB0108.1,pisck_sal,UNKNOWN,VIC,NFQ-MGB,34.076,34.076,,5.834,5.834,,36.753,0.995,-3.496,93.215,TRUE,0.040,TRUE,3,30,Amp,,0.762,Y,Y,N,N,N
46,D10,FALSE,EB0108.1,sch,UNKNOWN,FAM,NFQ-MGB,34.571,34.571,,3.894,3.894,,36.515,0.998,-3.294,101.187,TRUE,0.072,TRUE,3,29,Amp,,0.836,N,N,N,N,N
48,D12,FALSE,S1E2,env,STANDARD,NED,NFQ-MGB,33.371,33.371,,100.000,100.000,,41.115,0.993,-4.135,74.505,TRUE,0.040,TRUE,3,28,Amp,,0.813,N,Y,N,N,N
48,D12,FALSE,S1E2,pisck_sal,STANDARD,VIC,NFQ-MGB,30.339,30.339,,100.000,100.000,,36.753,0.995,-3.496,93.215,TRUE,0.040,TRUE,3,27,Amp,,0.746,Y,Y,N,N,N
48,D12,FALSE,S1E2,sch,STANDARD,FAM,NFQ-MGB,29.684,29.684,,100.000,100.000,,36.515,0.998,-3.294,101.187,TRUE,0.072,TRUE,3,26,Amp,,0.868,N,N,N,N,N
49,E1,FALSE,KN1536,env,UNKNOWN,NED,NFQ-MGB,31.188,30.660,0.546,251.463,347.945,106.006,41.115,0.993,-4.135,74.505,TRUE,0.040,TRUE,3,28,Amp,,0.956,N,Y,N,Y,N
49,E1,FALSE,KN1536,pisck_sal,UNKNOWN,VIC,NFQ-MGB,31.634,30.922,0.648,29.122,49.274,19.072,36.753,0.995,-3.496,93.215,TRUE,0.040,TRUE,3,29,Amp,,0.948,N,Y,N,Y,N
49,E1,FALSE,KN1536,sch,UNKNOWN,FAM,NFQ-MGB,29.167,28.790,0.394,170.239,227.141,62.977,36.515,0.998,-3.294,101.187,TRUE,0.072,TRUE,3,26,Amp,,0.972,N,N,N,N,N
50,E2,FALSE,KN1536,env,UNKNOWN,NED,NFQ-MGB,30.695,30.660,0.546,330.950,347.945,106.006,41.115,0.993,-4.135,74.505,TRUE,0.040,TRUE,3,28,Amp,,0.968,N,Y,N,Y,N
50,E2,FALSE,KN1536,pisck_sal,UNKNOWN,VIC,NFQ-MGB,30.764,30.922,0.648,51.657,49.274,19.072,36.753,0.995,-3.496,93.215,TRUE,0.040,TRUE,3,28,Amp,,0.960,N,Y,N,Y,N
50,E2,FALSE,KN1536,sch,UNKNOWN,FAM,NFQ-MGB,28.823,28.790,0.394,216.377,227.141,62.977,36.515,0.998,-3.294,101.187,TRUE,0.072,TRUE,3,25,Amp,,0.971,N,N,N,N,N
51,E3,FALSE,KN1536,env,UNKNOWN,NED,NFQ-MGB,30.098,30.660,0.546,461.422,347.945,106.006,41.115,0.993,-4.135,74.505,TRUE,0.040,TRUE,3,27,Amp,,0.975,N,Y,N,Y,N
51,E3,FALSE,KN1536,pisck_sal,UNKNOWN,VIC,NFQ-MGB,30.368,30.922,0.648,67.042,49.274,19.072,36.753,0.995,-3.496,93.215,TRUE,0.040,TRUE,3,28,Amp,,0.962,N,Y,N,Y,N
51,E3,FALSE,KN1536,sch,UNKNOWN,FAM,NFQ-MGB,28.381,28.790,0.394,294.806,227.141,62.977,36.515,0.998,-3.294,101.187,TRUE,0.072,TRUE,3,25,Amp,,0.974,N,N,N,N,N
52,E4,FALSE,KN0284,env,UNKNOWN,NED,NFQ-MGB,Undetermined,,,,,,41.115,0.993,-4.135,74.505,TRUE,0.040,TRUE,3,44,No Amp,,0.000,Y,Y,Y,N,N
52,E4,FALSE,KN0284,pisck_sal,UNKNOWN,VIC,NFQ-MGB,29.543,29.807,0.304,115.434,98.317,18.927,36.753,0.995,-3.496,93.215,TRUE,0.040,TRUE,3,27,Amp,,0.916,N,Y,N,N,N
52,E4,FALSE,KN0284,sch,UNKNOWN,FAM,NFQ-MGB,27.555,27.644,0.183,525.122,496.218,61.208,36.515,0.998,-3.294,101.187,TRUE,0.072,TRUE,3,24,Amp,,0.964,N,N,N,N,N
53,E5,FALSE,KN0284,env,UNKNOWN,NED,NFQ-MGB,Undetermined,,,,,,41.115,0.993,-4.135,74.505,TRUE,0.040,TRUE,3,44,No Amp,,0.000,Y,Y,Y,N,N
53,E5,FALSE,KN0284,pisck_sal,UNKNOWN,VIC,NFQ-MGB,29.738,29.807,0.304,101.525,98.317,18.927,36.753,0.995,-3.496,93.215,TRUE,0.040,TRUE,3,27,Amp,,0.895,N,Y,N,N,N
53,E5,FALSE,KN0284,sch,UNKNOWN,FAM,NFQ-MGB,27.522,27.644,0.183,537.621,496.218,61.208,36.515,0.998,-3.294,101.187,TRUE,0.072,TRUE,3,24,Amp,,0.965,N,N,N,N,N
54,E6,FALSE,KN0284,env,UNKNOWN,NED,NFQ-MGB,Undetermined,,,,,,41.115,0.993,-4.135,74.505,TRUE,0.040,TRUE,3,44,No Amp,,0.000,Y,Y,Y,N,N
54,E6,FALSE,KN0284,pisck_sal,UNKNOWN,VIC,NFQ-MGB,30.139,29.807,0.304,77.990,98.317,18.927,36.753,0.995,-3.496,93.215,TRUE,0.040,TRUE,3,27,Amp,,0.896,N,Y,N,N,N
54,E6,FALSE,KN0284,sch,UNKNOWN,FAM,NFQ-MGB,27.855,27.644,0.183,425.910,496.218,61.208,36.515,0.998,-3.294,101.187,TRUE,0.072,TRUE,3,24,Amp,,0.963,N,N,N,N,N
55,E7,FALSE,CL1450,env,UNKNOWN,NED,NFQ-MGB,29.256,29.757,0.486,737.333,571.626,155.328,41.115,0.993,-4.135,74.505,TRUE,0.040,TRUE,3,26,Amp,,0.990,N,Y,N,N,N
55,E7,FALSE,CL1450,pisck_sal,UNKNOWN,VIC,NFQ-MGB,31.378,31.058,0.283,34.487,43.040,7.643,36.753,0.995,-3.496,93.215,TRUE,0.040,TRUE,3,29,Amp,,0.945,N,Y,N,N,N
55,E7,FALSE,CL1450,sch,UNKNOWN,FAM,NFQ-MGB,28.701,28.662,0.096,235.760,242.529,16.545,36.515,0.998,-3.294,101.187,TRUE,0.072,TRUE,3,25,Amp,,0.974,N,N,N,N,N
56,E8,FALSE,CL1450,env,UNKNOWN,NED,NFQ-MGB,29.788,29.757,0.486,548.208,571.626,155.328,41.115,0.993,-4.135,74.505,TRUE,0.040,TRUE,3,27,Amp,,0.971,N,Y,N,N,N
56,E8,FALSE,CL1450,pisck_sal,UNKNOWN,VIC,NFQ-MGB,30.838,31.058,0.283,49.201,43.040,7.643,36.753,0.995,-3.496,93.215,TRUE,0.040,TRUE,3,28,Amp,,0.945,N,Y,N,N,N
56,E8,FALSE,CL1450,sch,UNKNOWN,FAM,NFQ-MGB,28.553,28.662,0.096,261.386,242.529,16.545,36.515,0.998,-3.294,101.187,TRUE,0.072,TRUE,3,25,Amp,,0.970,N,N,N,N,N
57,E9,FALSE,CL1450,env,UNKNOWN,NED,NFQ-MGB,30.227,29.757,0.486,429.337,571.626,155.328,41.115,0.993,-4.135,74.505,TRUE,0.040,TRUE,3,27,Amp,,0.982,N,Y,N,N,N
57,E9,FALSE,CL1450,pisck_sal,UNKNOWN,VIC,NFQ-MGB,30.959,31.058,0.283,45.432,43.040,7.643,36.753,0.995,-3.496,93.215,TRUE,0.040,TRUE,3,28,Amp,,0.948,N,Y,N,N,N
57,E9,FALSE,CL1450,sch,UNKNOWN,FAM,NFQ-MGB,28.733,28.662,0.096,230.442,242.529,16.545,36.515,0.998,-3.294,101.187,TRUE,0.072,TRUE,3,25,Amp,,0.972,N,N,N,N,N
58,E10,FALSE,CT0837,env,UNKNOWN,NED,NFQ-MGB,Undetermined,,,,,,41.115,0.993,-4.135,74.505,TRUE,0.040,TRUE,3,44,No Amp,,0.000,Y,Y,Y,N,Y
58,E10,FALSE,CT0837,pisck_sal,UNKNOWN,VIC,NFQ-MGB,35.559,35.006,0.783,2.196,3.373,1.665,36.753,0.995,-3.496,93.215,TRUE,0.040,TRUE,3,30,No Amp,,0.640,Y,Y,N,Y,N
58,E10,FALSE,CT0837,sch,UNKNOWN,FAM,NFQ-MGB,31.800,32.017,0.306,27.006,23.481,4.986,36.515,0.998,-3.294,101.187,TRUE,0.072,TRUE,3,28,Amp,,0.881,N,N,N,N,N
59,E11,FALSE,CT0837,env,UNKNOWN,NED,NFQ-MGB,Undetermined,,,,,,41.115,0.993,-4.135,74.505,TRUE,0.040,TRUE,3,44,No Amp,,0.000,Y,Y,Y,N,Y
59,E11,FALSE,CT0837,pisck_sal,UNKNOWN,VIC,NFQ-MGB,34.453,35.006,0.783,4.551,3.373,1.665,36.753,0.995,-3.496,93.215,TRUE,0.040,TRUE,3,31,No Amp,,0.696,Y,Y,N,Y,N
59,E11,FALSE,CT0837,sch,UNKNOWN,FAM,NFQ-MGB,32.233,32.017,0.306,19.956,23.481,4.986,36.515,0.998,-3.294,101.187,TRUE,0.072,TRUE,3,28,No Amp,,0.805,N,N,N,N,N
60,E12,FALSE,S1E1,env,STANDARD,NED,NFQ-MGB,Undetermined,,,10.000,,,41.115,0.993,-4.135,74.505,TRUE,0.040,TRUE,3,44,No Amp,,0.000,Y,Y,Y,N,Y
60,E12,FALSE,S1E1,pisck_sal,STANDARD,VIC,NFQ-MGB,33.171,33.171,,10.000,10.000,,36.753,0.995,-3.496,93.215,TRUE,0.040,TRUE,3,30,Amp,,0.857,N,Y,N,N,N
60,E12,FALSE,S1E1,sch,STANDARD,FAM,NFQ-MGB,Undetermined,,,10.000,,,36.515,0.998,-3.294,101.187,TRUE,0.072,TRUE,3,44,No Amp,,0.000,Y,N,Y,N,Y
61,F1,FALSE,KN2342,env,UNKNOWN,NED,NFQ-MGB,35.747,36.474,1.029,19.870,14.355,7.799,41.115,0.993,-4.135,74.505,TRUE,0.040,TRUE,3,27,No Amp,,0.681,Y,Y,N,Y,N
61,F1,FALSE,KN2342,pisck_sal,UNKNOWN,VIC,NFQ-MGB,28.132,27.699,0.508,292.477,404.268,140.752,36.753,0.995,-3.496,93.215,TRUE,0.040,TRUE,3,25,Amp,,0.962,N,Y,N,Y,N
61,F1,FALSE,KN2342,sch,UNKNOWN,FAM,NFQ-MGB,26.459,26.244,0.230,"1,129.773","1,324.831",215.539,36.515,0.998,-3.294,101.187,TRUE,0.072,TRUE,3,23,Amp,,0.972,N,N,N,N,N
62,F2,FALSE,KN2342,env,UNKNOWN,NED,NFQ-MGB,37.201,36.474,1.029,8.840,14.355,7.799,41.115,0.993,-4.135,74.505,TRUE,0.040,TRUE,3,27,No Amp,,0.532,Y,Y,N,Y,N
62,F2,FALSE,KN2342,pisck_sal,UNKNOWN,VIC,NFQ-MGB,27.825,27.699,0.508,357.996,404.268,140.752,36.753,0.995,-3.496,93.215,TRUE,0.040,TRUE,3,25,Amp,,0.962,N,Y,N,Y,N
62,F2,FALSE,KN2342,sch,UNKNOWN,FAM,NFQ-MGB,26.271,26.244,0.230,"1,288.488","1,324.831",215.539,36.515,0.998,-3.294,101.187,TRUE,0.072,TRUE,3,23,Amp,,0.972,N,N,N,N,N
63,F3,FALSE,KN2342,env,UNKNOWN,NED,NFQ-MGB,Undetermined,36.474,1.029,,,,41.115,0.993,-4.135,74.505,TRUE,0.040,TRUE,3,44,No Amp,,0.000,Y,Y,Y,N,N
63,F3,FALSE,KN2342,pisck_sal,UNKNOWN,VIC,NFQ-MGB,27.139,27.699,0.508,562.332,404.268,140.752,36.753,0.995,-3.496,93.215,TRUE,0.040,TRUE,3,24,Amp,,0.969,N,Y,N,Y,N
63,F3,FALSE,KN2342,sch,UNKNOWN,FAM,NFQ-MGB,26.001,26.244,0.230,"1,556.231","1,324.831",215.539,36.515,0.998,-3.294,101.187,TRUE,0.072,TRUE,3,22,Amp,,0.965,N,N,N,N,N
64,F4,FALSE,CL0526,env,UNKNOWN,NED,NFQ-MGB,30.630,30.796,0.314,343.113,315.942,52.273,41.115,0.993,-4.135,74.505,TRUE,0.040,TRUE,3,27,Amp,,0.951,N,Y,N,N,N
64,F4,FALSE,CL0526,pisck_sal,UNKNOWN,VIC,NFQ-MGB,29.113,29.570,0.471,153.223,117.060,35.395,36.753,0.995,-3.496,93.215,TRUE,0.040,TRUE,3,26,Amp,,0.966,N,Y,N,N,N
64,F4,FALSE,CL0526,sch,UNKNOWN,FAM,NFQ-MGB,27.582,27.654,0.166,515.503,492.276,55.099,36.515,0.998,-3.294,101.187,TRUE,0.072,TRUE,3,24,Amp,,0.963,N,N,N,N,N
65,F5,FALSE,CL0526,env,UNKNOWN,NED,NFQ-MGB,31.158,30.796,0.314,255.680,315.942,52.273,41.115,0.993,-4.135,74.505,TRUE,0.040,TRUE,3,28,Amp,,0.931,N,Y,N,N,N
65,F5,FALSE,CL0526,pisck_sal,UNKNOWN,VIC,NFQ-MGB,30.054,29.570,0.471,82.487,117.060,35.395,36.753,0.995,-3.496,93.215,TRUE,0.040,TRUE,3,27,Amp,,0.949,N,Y,N,N,N
65,F5,FALSE,CL0526,sch,UNKNOWN,FAM,NFQ-MGB,27.843,27.654,0.166,429.367,492.276,55.099,36.515,0.998,-3.294,101.187,TRUE,0.072,TRUE,3,24,Amp,,0.973,N,N,N,N,N
66,F6,FALSE,CL0526,env,UNKNOWN,NED,NFQ-MGB,30.599,30.796,0.314,349.034,315.942,52.273,41.115,0.993,-4.135,74.505,TRUE,0.040,TRUE,3,27,Amp,,0.941,N,Y,N,N,N
66,F6,FALSE,CL0526,pisck_sal,UNKNOWN,VIC,NFQ-MGB,29.543,29.570,0.471,115.471,117.060,35.395,36.753,0.995,-3.496,93.215,TRUE,0.040,TRUE,3,27,Amp,,0.953,N,Y,N,N,N
66,F6,FALSE,CL0526,sch,UNKNOWN,FAM,NFQ-MGB,27.537,27.654,0.166,531.959,492.276,55.099,36.515,0.998,-3.294,101.187,TRUE,0.072,TRUE,3,24,Amp,,0.976,N,N,N,N,N
67,F7,FALSE,CL0722,env,UNKNOWN,NED,NFQ-MGB,30.833,30.960,0.360,306.535,289.286,54.974,41.115,0.993,-4.135,74.505,TRUE,0.040,TRUE,3,28,Amp,,0.970,N,Y,N,N,N
67,F7,FALSE,CL0722,pisck_sal,UNKNOWN,VIC,NFQ-MGB,30.495,30.916,0.575,61.667,48.858,16.409,36.753,0.995,-3.496,93.215,TRUE,0.040,TRUE,3,28,Amp,,0.959,N,Y,N,Y,N
67,F7,FALSE,CL0722,sch,UNKNOWN,FAM,NFQ-MGB,28.353,28.264,0.245,300.578,323.096,57.415,36.515,0.998,-3.294,101.187,TRUE,0.072,TRUE,3,24,Amp,,0.956,N,N,N,N,N
68,F8,FALSE,CL0722,env,UNKNOWN,NED,NFQ-MGB,30.681,30.960,0.360,333.568,289.286,54.974,41.115,0.993,-4.135,74.505,TRUE,0.040,TRUE,3,28,Amp,,0.972,N,Y,N,N,N
68,F8,FALSE,CL0722,pisck_sal,UNKNOWN,VIC,NFQ-MGB,30.682,30.916,0.575,54.545,48.858,16.409,36.753,0.995,-3.496,93.215,TRUE,0.040,TRUE,3,28,Amp,,0.959,N,Y,N,Y,N
68,F8,FALSE,CL0722,sch,UNKNOWN,FAM,NFQ-MGB,27.987,28.264,0.245,388.357,323.096,57.415,36.515,0.998,-3.294,101.187,TRUE,0.072,TRUE,3,24,Amp,,0.973,N,N,N,N,N
69,F9,FALSE,CL0722,env,UNKNOWN,NED,NFQ-MGB,31.366,30.960,0.360,227.756,289.286,54.974,41.115,0.993,-4.135,74.505,TRUE,0.040,TRUE,3,28,Amp,,0.959,N,Y,N,N,N
69,F9,FALSE,CL0722,pisck_sal,UNKNOWN,VIC,NFQ-MGB,31.571,30.916,0.575,30.363,48.858,16.409,36.753,0.995,-3.496,93.215,TRUE,0.040,TRUE,3,29,Amp,,0.934,N,Y,N,Y,N
69,F9,FALSE,CL0722,sch,UNKNOWN,FAM,NFQ-MGB,28.453,28.264,0.245,280.352,323.096,57.415,36.515,0.998,-3.294,101.187,TRUE,0.072,TRUE,3,25,Amp,,0.973,N,N,N,N,N
70,F10,FALSE,CT0917,env,UNKNOWN,NED,NFQ-MGB,Undetermined,,,,,,41.115,0.993,-4.135,74.505,TRUE,0.040,TRUE,3,44,No Amp,,0.000,Y,Y,Y,N,Y
70,F10,FALSE,CT0917,pisck_sal,UNKNOWN,VIC,NFQ-MGB,32.928,32.638,0.410,12.423,15.315,4.090,36.753,0.995,-3.496,93.215,TRUE,0.040,TRUE,3,29,Amp,,0.817,N,Y,N,N,N
70,F10,FALSE,CT0917,sch,UNKNOWN,FAM,NFQ-MGB,29.397,29.250,0.208,144.900,161.482,23.451,36.515,0.998,-3.294,101.187,TRUE,0.072,TRUE,3,26,Amp,,0.970,N,N,N,N,N
71,F11,FALSE,CT0917,env,UNKNOWN,NED,NFQ-MGB,Undetermined,,,,,,41.115,0.993,-4.135,74.505,TRUE,0.040,TRUE,3,44,No Amp,,0.000,Y,Y,Y,N,Y
71,F11,FALSE,CT0917,pisck_sal,UNKNOWN,VIC,NFQ-MGB,32.347,32.638,0.410,18.207,15.315,4.090,36.753,0.995,-3.496,93.215,TRUE,0.040,TRUE,3,29,Amp,,0.877,N,Y,N,N,N
71,F11,FALSE,CT0917,sch,UNKNOWN,FAM,NFQ-MGB,29.102,29.250,0.208,178.065,161.482,23.451,36.515,0.998,-3.294,101.187,TRUE,0.072,TRUE,3,26,Amp,,0.974,N,N,N,N,N
72,F12,FALSE,qPCRblank,env,UNKNOWN,NED,NFQ-MGB,Undetermined,,,,,,41.115,0.993,-4.135,74.505,TRUE,0.040,TRUE,3,36,No Amp,,0.000,Y,Y,N,N,Y
72,F12,FALSE,qPCRblank,pisck_sal,UNKNOWN,VIC,NFQ-MGB,33.011,33.011,,11.764,11.764,,36.753,0.995,-3.496,93.215,TRUE,0.040,TRUE,3,30,Amp,,0.972,N,Y,N,N,N
72,F12,FALSE,qPCRblank,sch,UNKNOWN,FAM,NFQ-MGB,Undetermined,,,,,,36.515,0.998,-3.294,101.187,TRUE,0.072,TRUE,3,44,No Amp,,0.000,Y,N,Y,N,Y
73,G1,FALSE,CL0106,env,UNKNOWN,NED,NFQ-MGB,30.746,30.712,0.032,321.631,327.792,5.866,41.115,0.993,-4.135,74.505,TRUE,0.040,TRUE,3,27,Amp,,0.896,N,Y,N,N,N
73,G1,FALSE,CL0106,pisck_sal,UNKNOWN,VIC,NFQ-MGB,30.135,29.620,0.559,78.197,114.909,43.138,36.753,0.995,-3.496,93.215,TRUE,0.040,TRUE,3,27,Amp,,0.960,N,Y,N,Y,N
73,G1,FALSE,CL0106,sch,UNKNOWN,FAM,NFQ-MGB,27.564,27.403,0.255,521.780,590.458,109.748,36.515,0.998,-3.294,101.187,TRUE,0.072,TRUE,3,24,Amp,,0.972,N,N,N,N,N
74,G2,FALSE,CL0106,env,UNKNOWN,NED,NFQ-MGB,30.709,30.712,0.032,328.434,327.792,5.866,41.115,0.993,-4.135,74.505,TRUE,0.040,TRUE,3,27,Amp,,0.905,N,Y,N,N,N
74,G2,FALSE,CL0106,pisck_sal,UNKNOWN,VIC,NFQ-MGB,29.700,29.620,0.559,104.112,114.909,43.138,36.753,0.995,-3.496,93.215,TRUE,0.040,TRUE,3,27,Amp,,0.957,N,Y,N,Y,N
74,G2,FALSE,CL0106,sch,UNKNOWN,FAM,NFQ-MGB,27.535,27.403,0.255,532.561,590.458,109.748,36.515,0.998,-3.294,101.187,TRUE,0.072,TRUE,3,24,Amp,,0.972,N,N,N,N,N
75,G3,FALSE,CL0106,env,UNKNOWN,NED,NFQ-MGB,30.682,30.712,0.032,333.311,327.792,5.866,41.115,0.993,-4.135,74.505,TRUE,0.040,TRUE,3,27,Amp,,0.887,N,Y,N,N,N
75,G3,FALSE,CL0106,pisck_sal,UNKNOWN,VIC,NFQ-MGB,29.025,29.620,0.559,162.420,114.909,43.138,36.753,0.995,-3.496,93.215,TRUE,0.040,TRUE,3,26,Amp,,0.960,N,Y,N,Y,N
75,G3,FALSE,CL0106,sch,UNKNOWN,FAM,NFQ-MGB,27.110,27.403,0.255,717.031,590.458,109.748,36.515,0.998,-3.294,101.187,TRUE,0.072,TRUE,3,24,Amp,,0.971,N,N,N,N,N
76,G4,FALSE,KN1102,env,UNKNOWN,NED,NFQ-MGB,30.200,30.418,0.261,435.977,388.802,54.828,41.115,0.993,-4.135,74.505,TRUE,0.040,TRUE,3,27,Amp,,0.979,N,Y,N,N,N
76,G4,FALSE,KN1102,pisck_sal,UNKNOWN,VIC,NFQ-MGB,32.620,32.323,0.262,15.219,18.687,3.081,36.753,0.995,-3.496,93.215,TRUE,0.040,TRUE,3,30,Amp,,0.930,N,Y,N,N,N
76,G4,FALSE,KN1102,sch,UNKNOWN,FAM,NFQ-MGB,28.605,28.775,0.164,252.166,224.748,25.947,36.515,0.998,-3.294,101.187,TRUE,0.072,TRUE,3,25,Amp,,0.975,N,N,N,N,N
77,G5,FALSE,KN1102,env,UNKNOWN,NED,NFQ-MGB,30.707,30.418,0.261,328.650,388.802,54.828,41.115,0.993,-4.135,74.505,TRUE,0.040,TRUE,3,28,Amp,,0.977,N,Y,N,N,N
77,G5,FALSE,KN1102,pisck_sal,UNKNOWN,VIC,NFQ-MGB,32.123,32.323,0.262,21.109,18.687,3.081,36.753,0.995,-3.496,93.215,TRUE,0.040,TRUE,3,29,Amp,,0.942,N,Y,N,N,N
77,G5,FALSE,KN1102,sch,UNKNOWN,FAM,NFQ-MGB,28.790,28.775,0.164,221.499,224.748,25.947,36.515,0.998,-3.294,101.187,TRUE,0.072,TRUE,3,25,Amp,,0.976,N,N,N,N,N
78,G6,FALSE,KN1102,env,UNKNOWN,NED,NFQ-MGB,30.347,30.418,0.261,401.778,388.802,54.828,41.115,0.993,-4.135,74.505,TRUE,0.040,TRUE,3,27,Amp,,0.983,N,Y,N,N,N
78,G6,FALSE,KN1102,pisck_sal,UNKNOWN,VIC,NFQ-MGB,32.225,32.323,0.262,19.733,18.687,3.081,36.753,0.995,-3.496,93.215,TRUE,0.040,TRUE,3,29,Amp,,0.944,N,Y,N,N,N
78,G6,FALSE,KN1102,sch,UNKNOWN,FAM,NFQ-MGB,28.932,28.775,0.164,200.578,224.748,25.947,36.515,0.998,-3.294,101.187,TRUE,0.072,TRUE,3,25,Amp,,0.974,N,N,N,N,N
79,G7,FALSE,KN0457,env,UNKNOWN,NED,NFQ-MGB,31.945,32.586,0.906,164.999,122.925,59.502,41.115,0.993,-4.135,74.505,TRUE,0.040,TRUE,3,28,Amp,,0.927,N,Y,N,Y,N
79,G7,FALSE,KN0457,pisck_sal,UNKNOWN,VIC,NFQ-MGB,30.705,30.125,0.508,53.719,81.498,24.520,36.753,0.995,-3.496,93.215,TRUE,0.040,TRUE,3,28,Amp,,0.941,N,Y,N,Y,N
79,G7,FALSE,KN0457,sch,UNKNOWN,FAM,NFQ-MGB,28.136,27.665,0.440,349.918,501.332,147.144,36.515,0.998,-3.294,101.187,TRUE,0.072,TRUE,3,24,Amp,,0.972,N,N,N,N,N
80,G8,FALSE,KN0457,env,UNKNOWN,NED,NFQ-MGB,Undetermined,32.586,0.906,,,,41.115,0.993,-4.135,74.505,TRUE,0.040,TRUE,3,44,No Amp,,0.000,Y,Y,Y,N,N
80,G8,FALSE,KN0457,pisck_sal,UNKNOWN,VIC,NFQ-MGB,29.759,30.125,0.508,100.129,81.498,24.520,36.753,0.995,-3.496,93.215,TRUE,0.040,TRUE,3,27,Amp,,0.939,N,Y,N,Y,N
80,G8,FALSE,KN0457,sch,UNKNOWN,FAM,NFQ-MGB,27.264,27.665,0.440,643.798,501.332,147.144,36.515,0.998,-3.294,101.187,TRUE,0.072,TRUE,3,24,Amp,,0.970,N,N,N,N,N
81,G9,FALSE,KN0457,env,UNKNOWN,NED,NFQ-MGB,33.226,32.586,0.906,80.850,122.925,59.502,41.115,0.993,-4.135,74.505,TRUE,0.040,TRUE,3,28,Amp,,0.810,N,Y,N,Y,N
81,G9,FALSE,KN0457,pisck_sal,UNKNOWN,VIC,NFQ-MGB,29.910,30.125,0.508,90.645,81.498,24.520,36.753,0.995,-3.496,93.215,TRUE,0.040,TRUE,3,27,Amp,,0.936,N,Y,N,Y,N
81,G9,FALSE,KN0457,sch,UNKNOWN,FAM,NFQ-MGB,27.596,27.665,0.440,510.281,501.332,147.144,36.515,0.998,-3.294,101.187,TRUE,0.072,TRUE,3,24,Amp,,0.970,N,N,N,N,N
85,H1,FALSE,CL1696,env,UNKNOWN,NED,NFQ-MGB,30.829,31.400,0.963,307.146,243.175,106.385,41.115,0.993,-4.135,74.505,TRUE,0.040,TRUE,3,28,Amp,,0.925,N,Y,N,Y,N
85,H1,FALSE,CL1696,pisck_sal,UNKNOWN,VIC,NFQ-MGB,30.540,29.775,0.794,59.857,108.502,56.220,36.753,0.995,-3.496,93.215,TRUE,0.040,TRUE,3,28,Amp,,0.950,N,Y,N,Y,N
85,H1,FALSE,CL1696,sch,UNKNOWN,FAM,NFQ-MGB,28.112,27.638,0.456,355.737,512.290,157.951,36.515,0.998,-3.294,101.187,TRUE,0.072,TRUE,3,24,Amp,,0.963,N,N,N,N,N
86,H2,FALSE,CL1696,env,UNKNOWN,NED,NFQ-MGB,32.511,31.400,0.963,120.368,243.175,106.385,41.115,0.993,-4.135,74.505,TRUE,0.040,TRUE,3,29,Amp,,0.810,N,Y,N,Y,N
86,H2,FALSE,CL1696,pisck_sal,UNKNOWN,VIC,NFQ-MGB,29.830,29.775,0.794,95.596,108.502,56.220,36.753,0.995,-3.496,93.215,TRUE,0.040,TRUE,3,27,Amp,,0.958,N,Y,N,Y,N
86,H2,FALSE,CL1696,sch,UNKNOWN,FAM,NFQ-MGB,27.598,27.638,0.456,509.529,512.290,157.951,36.515,0.998,-3.294,101.187,TRUE,0.072,TRUE,3,24,Amp,,0.971,N,N,N,N,N
87,H3,FALSE,CL1696,env,UNKNOWN,NED,NFQ-MGB,30.859,31.400,0.963,302.010,243.175,106.385,41.115,0.993,-4.135,74.505,TRUE,0.040,TRUE,3,27,Amp,,0.886,N,Y,N,Y,N
87,H3,FALSE,CL1696,pisck_sal,UNKNOWN,VIC,NFQ-MGB,28.955,29.775,0.794,170.053,108.502,56.220,36.753,0.995,-3.496,93.215,TRUE,0.040,TRUE,3,26,Amp,,0.961,N,Y,N,Y,N
87,H3,FALSE,CL1696,sch,UNKNOWN,FAM,NFQ-MGB,27.203,27.638,0.456,671.604,512.290,157.951,36.515,0.998,-3.294,101.187,TRUE,0.072,TRUE,3,24,Amp,,0.970,N,N,N,N,N
88,H4,FALSE,KN1705,env,UNKNOWN,NED,NFQ-MGB,Undetermined,33.560,1.503,,,,41.115,0.993,-4.135,74.505,TRUE,0.040,TRUE,3,44,No Amp,,0.000,Y,Y,Y,N,N
88,H4,FALSE,KN1705,pisck_sal,UNKNOWN,VIC,NFQ-MGB,29.879,29.294,0.509,92.531,140.881,42.150,36.753,0.995,-3.496,93.215,TRUE,0.040,TRUE,3,27,Amp,,0.940,N,Y,N,Y,N
88,H4,FALSE,KN1705,sch,UNKNOWN,FAM,NFQ-MGB,27.488,27.102,0.337,550.355,733.850,160.742,36.515,0.998,-3.294,101.187,TRUE,0.072,TRUE,3,24,Amp,,0.968,N,N,N,N,N
89,H5,FALSE,KN1705,env,UNKNOWN,NED,NFQ-MGB,34.623,33.560,1.503,37.146,79.225,59.509,41.115,0.993,-4.135,74.505,TRUE,0.040,TRUE,3,28,No Amp,,0.730,Y,Y,N,Y,N
89,H5,FALSE,KN1705,pisck_sal,UNKNOWN,VIC,NFQ-MGB,28.957,29.294,0.509,169.893,140.881,42.150,36.753,0.995,-3.496,93.215,TRUE,0.040,TRUE,3,26,Amp,,0.957,N,Y,N,Y,N
89,H5,FALSE,KN1705,sch,UNKNOWN,FAM,NFQ-MGB,26.950,27.102,0.337,801.415,733.850,160.742,36.515,0.998,-3.294,101.187,TRUE,0.072,TRUE,3,23,Amp,,0.971,N,N,N,N,N
90,H6,FALSE,KN1705,env,UNKNOWN,NED,NFQ-MGB,32.498,33.560,1.503,121.304,79.225,59.509,41.115,0.993,-4.135,74.505,TRUE,0.040,TRUE,3,28,Amp,,0.852,N,Y,N,Y,N
90,H6,FALSE,KN1705,pisck_sal,UNKNOWN,VIC,NFQ-MGB,29.046,29.294,0.509,160.219,140.881,42.150,36.753,0.995,-3.496,93.215,TRUE,0.040,TRUE,3,26,Amp,,0.951,N,Y,N,Y,N
90,H6,FALSE,KN1705,sch,UNKNOWN,FAM,NFQ-MGB,26.867,27.102,0.337,849.781,733.850,160.742,36.515,0.998,-3.294,101.187,TRUE,0.072,TRUE,3,23,Amp,,0.968,N,N,N,N,N
91,H7,FALSE,KN0875,env,UNKNOWN,NED,NFQ-MGB,29.270,29.642,0.353,731.855,602.485,119.873,41.115,0.993,-4.135,74.505,TRUE,0.040,TRUE,3,26,Amp,,0.935,N,Y,N,N,N
91,H7,FALSE,KN0875,pisck_sal,UNKNOWN,VIC,NFQ-MGB,31.070,31.296,0.234,42.223,36.687,5.584,36.753,0.995,-3.496,93.215,TRUE,0.040,TRUE,3,28,Amp,,0.922,N,Y,N,N,N
91,H7,FALSE,KN0875,sch,UNKNOWN,FAM,NFQ-MGB,27.866,27.757,0.122,422.439,457.269,39.430,36.515,0.998,-3.294,101.187,TRUE,0.072,TRUE,3,24,Amp,,0.971,N,N,N,N,N
92,H8,FALSE,KN0875,env,UNKNOWN,NED,NFQ-MGB,29.686,29.642,0.353,580.430,602.485,119.873,41.115,0.993,-4.135,74.505,TRUE,0.040,TRUE,3,27,Amp,,0.845,N,Y,N,N,N
92,H8,FALSE,KN0875,pisck_sal,UNKNOWN,VIC,NFQ-MGB,31.537,31.296,0.234,31.056,36.687,5.584,36.753,0.995,-3.496,93.215,TRUE,0.040,TRUE,3,28,Amp,,0.884,N,Y,N,N,N
92,H8,FALSE,KN0875,sch,UNKNOWN,FAM,NFQ-MGB,27.625,27.757,0.122,500.078,457.269,39.430,36.515,0.998,-3.294,101.187,TRUE,0.072,TRUE,3,24,Amp,,0.966,N,N,N,N,N
93,H9,FALSE,KN0875,env,UNKNOWN,NED,NFQ-MGB,29.971,29.642,0.353,495.171,602.485,119.873,41.115,0.993,-4.135,74.505,TRUE,0.040,TRUE,3,27,Amp,,0.898,N,Y,N,N,N
93,H9,FALSE,KN0875,pisck_sal,UNKNOWN,VIC,NFQ-MGB,31.280,31.296,0.234,36.780,36.687,5.584,36.753,0.995,-3.496,93.215,TRUE,0.040,TRUE,3,28,Amp,,0.901,N,Y,N,N,N
93,H9,FALSE,KN0875,sch,UNKNOWN,FAM,NFQ-MGB,27.778,27.757,0.122,449.290,457.269,39.430,36.515,0.998,-3.294,101.187,TRUE,0.072,TRUE,3,24,Amp,,0.971,N,N,N,N,N