Block Type,96-Well 0.1-mL Block,,,,,,,,,,,,,,,,,,,,,,,,,,,,,,
Calibration Background is expired ,No,,,,,,,,,,,,,,,,,,,,,,,,,,,,,,
Calibration Background performed on,08-19-2022,,,,,,,,,,,,,,,,,,,,,,,,,,,,,,
Calibration Pure Dye ABY is expired,No,,,,,,,,,,,,,,,,,,,,,,,,,,,,,,
Calibration Pure Dye ABY performed on,08-19-2022,,,,,,,,,,,,,,,,,,,,,,,,,,,,,,
Calibration Pure Dye FAM is expired,No,,,,,,,,,,,,,,,,,,,,,,,,,,,,,,
Calibration Pure Dye FAM performed on,08-19-2022,,,,,,,,,,,,,,,,,,,,,,,,,,,,,,
Calibration Pure Dye JUN is expired,No,,,,,,,,,,,,,,,,,,,,,,,,,,,,,,
Calibration Pure Dye JUN performed on,08-19-2022,,,,,,,,,,,,,,,,,,,,,,,,,,,,,,
Calibration Pure Dye NED is expired,No,,,,,,,,,,,,,,,,,,,,,,,,,,,,,,
Calibration Pure Dye NED performed on,08-19-2022,,,,,,,,,,,,,,,,,,,,,,,,,,,,,,
Calibration Pure Dye ROX is expired,No,,,,,,,,,,,,,,,,,,,,,,,,,,,,,,
Calibration Pure Dye ROX performed on,08-19-2022,,,,,,,,,,,,,,,,,,,,,,,,,,,,,,
Calibration Pure Dye SYBR is expired,No,,,,,,,,,,,,,,,,,,,,,,,,,,,,,,
Calibration Pure Dye SYBR performed on,08-19-2022,,,,,,,,,,,,,,,,,,,,,,,,,,,,,,
Calibration Pure Dye TAMRA is expired,No,,,,,,,,,,,,,,,,,,,,,,,,,,,,,,
Calibration Pure Dye TAMRA performed on,08-19-2022,,,,,,,,,,,,,,,,,,,,,,,,,,,,,,
Calibration Pure Dye VIC is expired,No,,,,,,,,,,,,,,,,,,,,,,,,,,,,,,
Calibration Pure Dye VIC performed on,08-19-2022,,,,,,,,,,,,,,,,,,,,,,,,,,,,,,
Calibration ROI is expired ,No,,,,,,,,,,,,,,,,,,,,,,,,,,,,,,
Calibration ROI performed on,08-19-2022,,,,,,,,,,,,,,,,,,,,,,,,,,,,,,
Calibration Uniformity is expired ,No,,,,,,,,,,,,,,,,,,,,,,,,,,,,,,
Calibration Uniformity performed on,08-19-2022,,,,,,,,,,,,,,,,,,,,,,,,,,,,,,
Chemistry,TAQMAN,,,,,,,,,,,,,,,,,,,,,,,,,,,,,,
Date Created,2024-08-14 15:32:04 PM PDT,,,,,,,,,,,,,,,,,,,,,,,,,,,,,,
Experiment Barcode,,,,,,,,,,,,,,,,,,,,,,,,,,,,,,,
Experiment Comment,,,,,,,,,,,,,,,,,,,,,,,,,,,,,,,
Experiment File Name,D:\Users\INSTR-ADMIN\Desktop\Jaime\2024-08-14_JGCLIO_SasaTmarTfin.eds,,,,,,,,,,,,,,,,,,,,,,,,,,,,,,
Experiment Name,2024-08-14_JGCLIO_SasaTmarTfin,,,,,,,,,,,,,,,,,,,,,,,,,,,,,,
Experiment Run End Time,2024-08-14 22:04:09 PM PDT,,,,,,,,,,,,,,,,,,,,,,,,,,,,,,
Experiment Type,Standard Curve,,,,,,,,,,,,,,,,,,,,,,,,,,,,,,
Instrument Name,272313530,,,,,,,,,,,,,,,,,,,,,,,,,,,,,,
Instrument Serial Number,272313530,,,,,,,,,,,,,,,,,,,,,,,,,,,,,,
Instrument Type,QuantStudio™ 3 System,,,,,,,,,,,,,,,,,,,,,,,,,,,,,,
Passive Reference,ROX,,,,,,,,,,,,,,,,,,,,,,,,,,,,,,
Post-read Stage/Step,,,,,,,,,,,,,,,,,,,,,,,,,,,,,,,
Pre-read Stage/Step,,,,,,,,,,,,,,,,,,,,,,,,,,,,,,,
Quantification Cycle Method,Ct,,,,,,,,,,,,,,,,,,,,,,,,,,,,,,
Signal Smoothing On,TRUE,,,,,,,,,,,,,,,,,,,,,,,,,,,,,,
Stage/ Cycle where Ct Analysis is performed,"Stage2, Step2",,,,,,,,,,,,,,,,,,,,,,,,,,,,,,
User Name,,,,,,,,,,,,,,,,,,,,,,,,,,,,,,,
,,,,,,,,,,,,,,,,,,,,,,,,,,,,,,,
Well,Well Position,Omit,Sample Name,Target Name,Task,Reporter,Quencher,CT,Ct Mean,Ct SD,Quantity,Quantity Mean,Quantity SD,Y-Intercept,R(superscript 2),Slope,Efficiency,Automatic Ct Threshold,Ct Threshold,Automatic Baseline,Baseline Start,Baseline End,Amp Status,Comments,Cq Conf,HIGHSD,NOAMP,THOLDFAIL,CQCONF,EXPFAIL,mAMP
1,A1,FALSE,S1E6,Te_fin,STANDARD,VIC,NFQ-MGB,16.252,16.333,0.119,"1,000,000.00","1,000,000.00",,44.952,0.901,-4.94,59.378,TRUE,0.04,TRUE,3,13,Amp,,0.945,N,N,Y,N,N,AMP
1,A1,FALSE,S1E6,Te_mar,STANDARD,NED,NFQ-MGB,19.504,19.359,0.215,"1,000,000.00","1,000,000.00",,42.498,0.876,-3.869,81.325,TRUE,0.04,TRUE,3,17,Amp,,0.98,N,N,Y,N,N,AMP
1,A1,FALSE,S1E6,sasa,STANDARD,FAM,NFQ-MGB,14.373,14.628,0.256,"1,000,000.00","1,000,000.00",,41.791,0.925,-4.71,63.054,TRUE,0.255,TRUE,3,9,Amp,,0.981,N,N,N,N,N,AMP
2,A2,FALSE,S1E6,Te_fin,STANDARD,VIC,NFQ-MGB,16.47,16.333,0.119,"1,000,000.00","1,000,000.00",,44.952,0.901,-4.94,59.378,TRUE,0.04,TRUE,3,13,Amp,,0.966,N,N,Y,N,N,AMP
2,A2,FALSE,S1E6,Te_mar,STANDARD,NED,NFQ-MGB,19.461,19.359,0.215,"1,000,000.00","1,000,000.00",,42.498,0.876,-3.869,81.325,TRUE,0.04,TRUE,3,17,Amp,,0.989,N,N,Y,N,N,AMP
2,A2,FALSE,S1E6,sasa,STANDARD,FAM,NFQ-MGB,14.885,14.628,0.256,"1,000,000.00","1,000,000.00",,41.791,0.925,-4.71,63.054,TRUE,0.255,TRUE,3,9,Amp,,0.986,N,N,N,N,N,AMP
3,A3,FALSE,S1E6,Te_fin,STANDARD,VIC,NFQ-MGB,16.277,16.333,0.119,"1,000,000.00","1,000,000.00",,44.952,0.901,-4.94,59.378,TRUE,0.04,TRUE,3,13,Amp,,0.98,N,N,Y,N,N,AMP
3,A3,FALSE,S1E6,Te_mar,STANDARD,NED,NFQ-MGB,19.112,19.359,0.215,"1,000,000.00","1,000,000.00",,42.498,0.876,-3.869,81.325,TRUE,0.04,TRUE,3,16,Amp,,0.992,N,N,Y,N,N,AMP
3,A3,FALSE,S1E6,sasa,STANDARD,FAM,NFQ-MGB,14.625,14.628,0.256,"1,000,000.00","1,000,000.00",,41.791,0.925,-4.71,63.054,TRUE,0.255,TRUE,3,9,Amp,,0.979,N,N,N,N,N,AMP
4,A4,FALSE,S4.5E4,Te_fin,STANDARD,VIC,NFQ-MGB,21.004,21.099,0.1,"45,000.00","45,000.00",,44.952,0.901,-4.94,59.378,TRUE,0.04,TRUE,3,18,Amp,,0.942,N,N,Y,N,N,AMP
4,A4,FALSE,S4.5E4,Te_mar,STANDARD,NED,NFQ-MGB,23.192,23.144,1.525,"45,000.00","45,000.00",,42.498,0.876,-3.869,81.325,TRUE,0.04,TRUE,3,20,Amp,,0.983,Y,N,Y,N,N,AMP
4,A4,FALSE,S4.5E4,sasa,STANDARD,FAM,NFQ-MGB,18.577,18.607,0.031,"45,000.00","45,000.00",,41.791,0.925,-4.71,63.054,TRUE,0.255,TRUE,3,13,Amp,,0.977,N,N,N,N,N,AMP
5,A5,FALSE,S4.5E4,Te_fin,STANDARD,VIC,NFQ-MGB,21.091,21.099,0.1,"45,000.00","45,000.00",,44.952,0.901,-4.94,59.378,TRUE,0.04,TRUE,3,18,Amp,,0.935,N,N,Y,N,N,AMP
5,A5,FALSE,S4.5E4,Te_mar,STANDARD,NED,NFQ-MGB,21.596,23.144,1.525,"45,000.00","45,000.00",,42.498,0.876,-3.869,81.325,TRUE,0.04,TRUE,3,19,Amp,,0.992,Y,N,Y,N,N,AMP
5,A5,FALSE,S4.5E4,sasa,STANDARD,FAM,NFQ-MGB,18.639,18.607,0.031,"45,000.00","45,000.00",,41.791,0.925,-4.71,63.054,TRUE,0.255,TRUE,3,13,Amp,,0.993,N,N,N,N,N,AMP
6,A6,FALSE,S4.5E4,Te_fin,STANDARD,VIC,NFQ-MGB,21.203,21.099,0.1,"45,000.00","45,000.00",,44.952,0.901,-4.94,59.378,TRUE,0.04,TRUE,3,18,Amp,,0.947,N,N,Y,N,N,AMP
6,A6,FALSE,S4.5E4,Te_mar,STANDARD,NED,NFQ-MGB,24.644,23.144,1.525,"45,000.00","45,000.00",,42.498,0.876,-3.869,81.325,TRUE,0.04,TRUE,3,22,Amp,,0.991,Y,N,Y,N,N,AMP
6,A6,FALSE,S4.5E4,sasa,STANDARD,FAM,NFQ-MGB,18.604,18.607,0.031,"45,000.00","45,000.00",,41.791,0.925,-4.71,63.054,TRUE,0.255,TRUE,3,13,Amp,,0.985,N,N,N,N,N,AMP
7,A7,FALSE,S2E3,Te_fin,STANDARD,VIC,NFQ-MGB,27.684,27.391,1.296,"2,000.00","2,000.00",,44.952,0.901,-4.94,59.378,TRUE,0.04,TRUE,3,24,Amp,,0.749,Y,N,Y,Y,N,AMP
7,A7,FALSE,S2E3,Te_mar,STANDARD,NED,NFQ-MGB,31.257,30.778,0.416,"2,000.00","2,000.00",,42.498,0.876,-3.869,81.325,TRUE,0.04,TRUE,3,28,Amp,,0.983,N,N,Y,N,N,AMP
7,A7,FALSE,S2E3,sasa,STANDARD,FAM,NFQ-MGB,22.565,25.077,3.164,"2,000.00","2,000.00",,41.791,0.925,-4.71,63.054,TRUE,0.255,TRUE,3,17,Amp,,0.976,Y,N,N,N,N,AMP
8,A8,FALSE,S2E3,Te_fin,STANDARD,VIC,NFQ-MGB,25.973,27.391,1.296,"2,000.00","2,000.00",,44.952,0.901,-4.94,59.378,TRUE,0.04,TRUE,3,23,Amp,,0.946,Y,N,Y,N,N,AMP
8,A8,FALSE,S2E3,Te_mar,STANDARD,NED,NFQ-MGB,30.504,30.778,0.416,"2,000.00","2,000.00",,42.498,0.876,-3.869,81.325,TRUE,0.04,TRUE,3,27,Amp,,0.99,N,N,Y,N,N,AMP
8,A8,FALSE,S2E3,sasa,STANDARD,FAM,NFQ-MGB,28.63,25.077,3.164,"2,000.00","2,000.00",,41.791,0.925,-4.71,63.054,TRUE,0.255,TRUE,3,23,Amp,,0.985,Y,N,N,N,N,AMP
9,A9,FALSE,S2E3,Te_fin,STANDARD,VIC,NFQ-MGB,28.515,27.391,1.296,"2,000.00","2,000.00",,44.952,0.901,-4.94,59.378,TRUE,0.04,TRUE,3,25,Amp,,0.81,Y,N,Y,N,N,AMP
9,A9,FALSE,S2E3,Te_mar,STANDARD,NED,NFQ-MGB,30.574,30.778,0.416,"2,000.00","2,000.00",,42.498,0.876,-3.869,81.325,TRUE,0.04,TRUE,3,28,Amp,,0.991,N,N,Y,N,N,AMP
9,A9,FALSE,S2E3,sasa,STANDARD,FAM,NFQ-MGB,24.037,25.077,3.164,"2,000.00","2,000.00",,41.791,0.925,-4.71,63.054,TRUE,0.255,TRUE,3,18,Amp,,0.981,Y,N,N,N,N,AMP
10,A10,FALSE,S1E2,Te_fin,STANDARD,VIC,NFQ-MGB,43.034,36.012,6.231,100,100,,44.952,0.901,-4.94,59.378,TRUE,0.04,TRUE,3,36,No Amp,,0.112,Y,N,Y,Y,N,AMP
10,A10,FALSE,S1E2,Te_mar,STANDARD,NED,NFQ-MGB,Undetermined,37.955,0.364,100,,,42.498,0.876,-3.869,81.325,TRUE,0.04,TRUE,3,44,No Amp,,0,N,Y,Y,Y,Y,NOAMP
10,A10,FALSE,S1E2,sasa,STANDARD,FAM,NFQ-MGB,36.877,34.225,2.966,100,100,,41.791,0.925,-4.71,63.054,TRUE,0.255,TRUE,3,31,Amp,,0.932,Y,N,N,N,N,AMP
11,A11,FALSE,S1E2,Te_fin,STANDARD,VIC,NFQ-MGB,33.861,36.012,6.231,100,100,,44.952,0.901,-4.94,59.378,TRUE,0.04,TRUE,3,31,Amp,,0.928,Y,N,Y,N,N,AMP
11,A11,FALSE,S1E2,Te_mar,STANDARD,NED,NFQ-MGB,37.698,37.955,0.364,100,100,,42.498,0.876,-3.869,81.325,TRUE,0.04,TRUE,3,34,Amp,,0.966,N,N,Y,N,N,AMP
11,A11,FALSE,S1E2,sasa,STANDARD,FAM,NFQ-MGB,34.775,34.225,2.966,100,100,,41.791,0.925,-4.71,63.054,TRUE,0.255,TRUE,3,29,Amp,,0.983,Y,N,N,N,N,AMP
12,A12,FALSE,S1E2,Te_fin,STANDARD,VIC,NFQ-MGB,31.142,36.012,6.231,100,100,,44.952,0.901,-4.94,59.378,TRUE,0.04,TRUE,3,28,Amp,,0.936,Y,N,Y,N,N,AMP
12,A12,FALSE,S1E2,Te_mar,STANDARD,NED,NFQ-MGB,38.213,37.955,0.364,100,100,,42.498,0.876,-3.869,81.325,TRUE,0.04,TRUE,3,35,No Amp,,0.785,N,N,Y,Y,N,AMP
12,A12,FALSE,S1E2,sasa,STANDARD,FAM,NFQ-MGB,31.022,34.225,2.966,100,100,,41.791,0.925,-4.71,63.054,TRUE,0.255,TRUE,3,25,Amp,,0.979,Y,N,N,N,N,AMP
13,B1,FALSE,S1E1,Te_fin,STANDARD,VIC,NFQ-MGB,40.485,40.485,,10,10,,44.952,0.901,-4.94,59.378,TRUE,0.04,TRUE,3,36,No Amp,,0.187,N,N,Y,Y,N,AMP
13,B1,FALSE,S1E1,Te_mar,STANDARD,NED,NFQ-MGB,Undetermined,32.902,,10,,,42.498,0.876,-3.869,81.325,TRUE,0.04,TRUE,3,44,No Amp,,0,N,Y,Y,Y,Y,NOAMP
13,B1,FALSE,S1E1,sasa,STANDARD,FAM,NFQ-MGB,35.551,35.551,,10,10,,41.791,0.925,-4.71,63.054,TRUE,0.255,TRUE,3,30,Amp,,0.981,N,N,N,N,N,AMP
14,B2,FALSE,S1E1,Te_fin,STANDARD,VIC,NFQ-MGB,Undetermined,40.485,,10,,,44.952,0.901,-4.94,59.378,TRUE,0.04,TRUE,3,44,No Amp,,0,N,Y,Y,Y,Y,NOAMP
14,B2,FALSE,S1E1,Te_mar,STANDARD,NED,NFQ-MGB,Undetermined,32.902,,10,,,42.498,0.876,-3.869,81.325,TRUE,0.04,TRUE,3,36,No Amp,,0,N,N,Y,Y,N,NOAMP
14,B2,FALSE,S1E1,sasa,STANDARD,FAM,NFQ-MGB,Undetermined,35.551,,10,,,41.791,0.925,-4.71,63.054,TRUE,0.255,TRUE,3,35,No Amp,,0,N,N,N,Y,N,NOAMP
15,B3,FALSE,S1E1,Te_fin,STANDARD,VIC,NFQ-MGB,Undetermined,40.485,,10,,,44.952,0.901,-4.94,59.378,TRUE,0.04,TRUE,3,44,No Amp,,0,N,Y,Y,Y,Y,NOAMP
15,B3,FALSE,S1E1,Te_mar,STANDARD,NED,NFQ-MGB,32.902,32.902,,10,10,,42.498,0.876,-3.869,81.325,TRUE,0.04,TRUE,3,30,Amp,,0.992,N,N,Y,N,N,AMP
15,B3,FALSE,S1E1,sasa,STANDARD,FAM,NFQ-MGB,Undetermined,35.551,,10,,,41.791,0.925,-4.71,63.054,TRUE,0.255,TRUE,3,33,No Amp,,0,N,N,N,Y,N,NOAMP
16,B4,FALSE,qPCRBlank,Te_fin,UNKNOWN,VIC,NFQ-MGB,Undetermined,,,,,,44.952,0.901,-4.94,59.378,TRUE,0.04,TRUE,3,44,No Amp,,0,N,Y,Y,Y,Y,NOAMP
16,B4,FALSE,qPCRBlank,Te_mar,UNKNOWN,NED,NFQ-MGB,Undetermined,,,,,,42.498,0.876,-3.869,81.325,TRUE,0.04,TRUE,3,44,No Amp,,0,N,N,Y,Y,Y,NOAMP
16,B4,FALSE,qPCRBlank,sasa,UNKNOWN,FAM,NFQ-MGB,Undetermined,,,,,,41.791,0.925,-4.71,63.054,TRUE,0.255,TRUE,3,36,No Amp,,0,N,N,N,Y,N,NOAMP
17,B5,FALSE,qPCRBlank,Te_fin,UNKNOWN,VIC,NFQ-MGB,Undetermined,,,,,,44.952,0.901,-4.94,59.378,TRUE,0.04,TRUE,3,44,No Amp,,0,N,Y,Y,Y,Y,NOAMP
17,B5,FALSE,qPCRBlank,Te_mar,UNKNOWN,NED,NFQ-MGB,Undetermined,,,,,,42.498,0.876,-3.869,81.325,TRUE,0.04,TRUE,3,44,No Amp,,0,N,N,Y,Y,Y,NOAMP
17,B5,FALSE,qPCRBlank,sasa,UNKNOWN,FAM,NFQ-MGB,Undetermined,,,,,,41.791,0.925,-4.71,63.054,TRUE,0.255,TRUE,3,38,No Amp,,0,N,N,N,Y,N,NOAMP
18,B6,FALSE,qPCRBlank,Te_fin,UNKNOWN,VIC,NFQ-MGB,Undetermined,,,,,,44.952,0.901,-4.94,59.378,TRUE,0.04,TRUE,3,44,No Amp,,0,N,Y,Y,Y,Y,NOAMP
18,B6,FALSE,qPCRBlank,Te_mar,UNKNOWN,NED,NFQ-MGB,Undetermined,,,,,,42.498,0.876,-3.869,81.325,TRUE,0.04,TRUE,3,44,No Amp,,0,N,N,Y,Y,Y,NOAMP
18,B6,FALSE,qPCRBlank,sasa,UNKNOWN,FAM,NFQ-MGB,Undetermined,,,,,,41.791,0.925,-4.71,63.054,TRUE,0.255,TRUE,3,38,No Amp,,0,N,N,N,Y,N,NOAMP
19,B7,FALSE,KN1922,Te_fin,UNKNOWN,VIC,NFQ-MGB,Undetermined,,,,,,44.952,0.901,-4.94,59.378,TRUE,0.04,TRUE,3,44,No Amp,,0,N,N,Y,Y,Y,NOAMP
19,B7,FALSE,KN1922,Te_mar,UNKNOWN,NED,NFQ-MGB,30,27.46,3.592,"1,699.20","18,308.38","23,488.92",42.498,0.876,-3.869,81.325,TRUE,0.04,TRUE,3,19,Amp,,0.252,Y,N,Y,Y,N,AMP
19,B7,FALSE,KN1922,sasa,UNKNOWN,FAM,NFQ-MGB,Undetermined,,,,,,41.791,0.925,-4.71,63.054,TRUE,0.255,TRUE,3,19,No Amp,,0,N,N,N,Y,N,NOAMP
20,B8,FALSE,KN1922,Te_fin,UNKNOWN,VIC,NFQ-MGB,Undetermined,,,,,,44.952,0.901,-4.94,59.378,TRUE,0.04,TRUE,3,44,No Amp,,0,N,Y,Y,Y,Y,NOAMP
20,B8,FALSE,KN1922,Te_mar,UNKNOWN,NED,NFQ-MGB,24.92,27.46,3.592,"34,917.56","18,308.38","23,488.92",42.498,0.876,-3.869,81.325,TRUE,0.04,TRUE,3,20,No Amp,,0.497,Y,N,Y,Y,N,ATYPICAL
20,B8,FALSE,KN1922,sasa,UNKNOWN,FAM,NFQ-MGB,Undetermined,,,,,,41.791,0.925,-4.71,63.054,TRUE,0.255,TRUE,3,19,No Amp,,0,N,N,N,Y,N,NOAMP
21,B9,FALSE,KN1922,Te_fin,UNKNOWN,VIC,NFQ-MGB,Undetermined,,,,,,44.952,0.901,-4.94,59.378,TRUE,0.04,TRUE,3,44,No Amp,,0,N,N,Y,Y,Y,NOAMP
21,B9,FALSE,KN1922,Te_mar,UNKNOWN,NED,NFQ-MGB,Undetermined,27.46,3.592,,,,42.498,0.876,-3.869,81.325,TRUE,0.04,TRUE,3,38,Amp,,0,N,N,Y,Y,N,NOAMP
21,B9,FALSE,KN1922,sasa,UNKNOWN,FAM,NFQ-MGB,Undetermined,,,,,,41.791,0.925,-4.71,63.054,TRUE,0.255,TRUE,3,19,No Amp,,0,N,N,N,Y,N,NOAMP
22,B10,FALSE,CL2459,Te_fin,UNKNOWN,VIC,NFQ-MGB,Undetermined,42.227,,,,,44.952,0.901,-4.94,59.378,TRUE,0.04,TRUE,3,44,No Amp,,0,N,Y,Y,Y,Y,NOAMP
22,B10,FALSE,CL2459,Te_mar,UNKNOWN,NED,NFQ-MGB,Undetermined,,,,,,42.498,0.876,-3.869,81.325,TRUE,0.04,TRUE,3,44,Amp,,0,N,N,Y,Y,Y,NOAMP
22,B10,FALSE,CL2459,sasa,UNKNOWN,FAM,NFQ-MGB,Undetermined,,,,,,41.791,0.925,-4.71,63.054,TRUE,0.255,TRUE,3,22,No Amp,,0,N,N,N,Y,N,NOAMP
23,B11,FALSE,CL2459,Te_fin,UNKNOWN,VIC,NFQ-MGB,42.227,42.227,,3.561,3.561,,44.952,0.901,-4.94,59.378,TRUE,0.04,TRUE,3,38,No Amp,,0.258,N,N,Y,Y,N,AMP
23,B11,FALSE,CL2459,Te_mar,UNKNOWN,NED,NFQ-MGB,Undetermined,,,,,,42.498,0.876,-3.869,81.325,TRUE,0.04,TRUE,3,44,Amp,,0,N,N,Y,Y,Y,NOAMP
23,B11,FALSE,CL2459,sasa,UNKNOWN,FAM,NFQ-MGB,Undetermined,,,,,,41.791,0.925,-4.71,63.054,TRUE,0.255,TRUE,3,22,No Amp,,0,N,N,N,Y,N,NOAMP
24,B12,FALSE,CL2459,Te_fin,UNKNOWN,VIC,NFQ-MGB,Undetermined,42.227,,,,,44.952,0.901,-4.94,59.378,TRUE,0.04,TRUE,3,44,No Amp,,0,N,Y,Y,Y,Y,NOAMP
24,B12,FALSE,CL2459,Te_mar,UNKNOWN,NED,NFQ-MGB,Undetermined,,,,,,42.498,0.876,-3.869,81.325,TRUE,0.04,TRUE,3,44,Amp,,0,N,N,Y,Y,Y,NOAMP
24,B12,FALSE,CL2459,sasa,UNKNOWN,FAM,NFQ-MGB,Undetermined,,,,,,41.791,0.925,-4.71,63.054,TRUE,0.255,TRUE,3,22,No Amp,,0,N,N,N,Y,N,NOAMP
25,C1,FALSE,CL2142,Te_fin,UNKNOWN,VIC,NFQ-MGB,42.385,42.385,,3.308,3.308,,44.952,0.901,-4.94,59.378,TRUE,0.04,TRUE,3,38,No Amp,,0.082,N,N,Y,Y,N,AMP
25,C1,FALSE,CL2142,Te_mar,UNKNOWN,NED,NFQ-MGB,Undetermined,,,,,,42.498,0.876,-3.869,81.325,TRUE,0.04,TRUE,3,44,Amp,,0,N,N,Y,Y,Y,NOAMP
25,C1,FALSE,CL2142,sasa,UNKNOWN,FAM,NFQ-MGB,36.186,35.204,1.39,15.491,27.995,17.685,41.791,0.925,-4.71,63.054,TRUE,0.255,TRUE,3,24,Amp,,0.966,Y,N,N,N,N,AMP
26,C2,FALSE,CL2142,Te_fin,UNKNOWN,VIC,NFQ-MGB,Undetermined,42.385,,,,,44.952,0.901,-4.94,59.378,TRUE,0.04,TRUE,3,36,No Amp,,0,N,N,Y,Y,N,NOAMP
26,C2,FALSE,CL2142,Te_mar,UNKNOWN,NED,NFQ-MGB,Undetermined,,,,,,42.498,0.876,-3.869,81.325,TRUE,0.04,TRUE,3,44,Amp,,0,N,N,Y,Y,Y,NOAMP
26,C2,FALSE,CL2142,sasa,UNKNOWN,FAM,NFQ-MGB,34.221,35.204,1.39,40.5,27.995,17.685,41.791,0.925,-4.71,63.054,TRUE,0.255,TRUE,3,25,Amp,,0.972,Y,N,N,N,N,AMP
27,C3,FALSE,CL2142,Te_fin,UNKNOWN,VIC,NFQ-MGB,Undetermined,42.385,,,,,44.952,0.901,-4.94,59.378,TRUE,0.04,TRUE,3,44,No Amp,,0,N,Y,Y,Y,Y,NOAMP
27,C3,FALSE,CL2142,Te_mar,UNKNOWN,NED,NFQ-MGB,Undetermined,,,,,,42.498,0.876,-3.869,81.325,TRUE,0.04,TRUE,3,44,Amp,,0,N,N,Y,Y,Y,NOAMP
27,C3,FALSE,CL2142,sasa,UNKNOWN,FAM,NFQ-MGB,Undetermined,35.204,1.39,,,,41.791,0.925,-4.71,63.054,TRUE,0.255,TRUE,3,22,No Amp,,0,N,N,N,Y,N,NOAMP
28,C4,FALSE,KN0633,Te_fin,UNKNOWN,VIC,NFQ-MGB,Undetermined,42.18,0.03,,,,44.952,0.901,-4.94,59.378,TRUE,0.04,TRUE,3,44,No Amp,,0,N,N,Y,Y,Y,NOAMP
28,C4,FALSE,KN0633,Te_mar,UNKNOWN,NED,NFQ-MGB,34.798,34.798,,97.75,97.75,,42.498,0.876,-3.869,81.325,TRUE,0.04,TRUE,3,23,No Amp,,0.338,N,N,Y,Y,N,AMP
28,C4,FALSE,KN0633,sasa,UNKNOWN,FAM,NFQ-MGB,37.721,36.764,1.484,7.315,14.117,11.12,41.791,0.925,-4.71,63.054,TRUE,0.255,TRUE,3,29,Amp,,0.957,Y,N,N,N,N,AMP
29,C5,FALSE,KN0633,Te_fin,UNKNOWN,VIC,NFQ-MGB,42.159,42.18,0.03,3.677,3.641,0.051,44.952,0.901,-4.94,59.378,TRUE,0.04,TRUE,3,36,No Amp,,0.099,N,N,Y,Y,N,AMP
29,C5,FALSE,KN0633,Te_mar,UNKNOWN,NED,NFQ-MGB,Undetermined,34.798,,,,,42.498,0.876,-3.869,81.325,TRUE,0.04,TRUE,3,44,Amp,,0,N,N,Y,Y,Y,NOAMP
29,C5,FALSE,KN0633,sasa,UNKNOWN,FAM,NFQ-MGB,35.054,36.764,1.484,26.949,14.117,11.12,41.791,0.925,-4.71,63.054,TRUE,0.255,TRUE,3,25,Amp,,0.972,Y,N,N,N,N,AMP
30,C6,FALSE,KN0633,Te_fin,UNKNOWN,VIC,NFQ-MGB,42.201,42.18,0.03,3.604,3.641,0.051,44.952,0.901,-4.94,59.378,TRUE,0.04,TRUE,3,37,No Amp,,0.188,N,N,Y,Y,N,AMP
30,C6,FALSE,KN0633,Te_mar,UNKNOWN,NED,NFQ-MGB,Undetermined,34.798,,,,,42.498,0.876,-3.869,81.325,TRUE,0.04,TRUE,3,44,Amp,,0,N,N,Y,Y,Y,NOAMP
30,C6,FALSE,KN0633,sasa,UNKNOWN,FAM,NFQ-MGB,37.516,36.764,1.484,8.086,14.117,11.12,41.791,0.925,-4.71,63.054,TRUE,0.255,TRUE,3,29,Amp,,0.964,Y,N,N,N,N,AMP
31,C7,FALSE,KN1536,Te_fin,UNKNOWN,VIC,NFQ-MGB,41.098,40.545,0.708,6.028,8.1,2.821,44.952,0.901,-4.94,59.378,TRUE,0.04,TRUE,3,34,No Amp,,0.068,Y,N,Y,Y,N,AMP
31,C7,FALSE,KN1536,Te_mar,UNKNOWN,NED,NFQ-MGB,Undetermined,,,,,,42.498,0.876,-3.869,81.325,TRUE,0.04,TRUE,3,44,Amp,,0,N,N,Y,Y,Y,NOAMP
31,C7,FALSE,KN1536,sasa,UNKNOWN,FAM,NFQ-MGB,34.184,34.623,0.867,41.235,35.125,12.795,41.791,0.925,-4.71,63.054,TRUE,0.255,TRUE,3,24,Amp,,0.974,Y,N,N,N,N,AMP
32,C8,FALSE,KN1536,Te_fin,UNKNOWN,VIC,NFQ-MGB,40.79,40.545,0.708,6.958,8.1,2.821,44.952,0.901,-4.94,59.378,TRUE,0.04,TRUE,3,36,No Amp,,0.086,Y,N,Y,Y,N,AMP
32,C8,FALSE,KN1536,Te_mar,UNKNOWN,NED,NFQ-MGB,Undetermined,,,,,,42.498,0.876,-3.869,81.325,TRUE,0.04,TRUE,3,44,Amp,,0,N,N,Y,Y,Y,NOAMP
32,C8,FALSE,KN1536,sasa,UNKNOWN,FAM,NFQ-MGB,34.064,34.623,0.867,43.721,35.125,12.795,41.791,0.925,-4.71,63.054,TRUE,0.255,TRUE,3,26,Amp,,0.979,Y,N,N,N,N,AMP
33,C9,FALSE,KN1536,Te_fin,UNKNOWN,VIC,NFQ-MGB,39.747,40.545,0.708,11.313,8.1,2.821,44.952,0.901,-4.94,59.378,TRUE,0.04,TRUE,3,36,Amp,,0.497,Y,N,Y,Y,N,AMP
33,C9,FALSE,KN1536,Te_mar,UNKNOWN,NED,NFQ-MGB,Undetermined,,,,,,42.498,0.876,-3.869,81.325,TRUE,0.04,TRUE,3,44,No Amp,,0,N,N,Y,Y,Y,NOAMP
33,C9,FALSE,KN1536,sasa,UNKNOWN,FAM,NFQ-MGB,35.621,34.623,0.867,20.42,35.125,12.795,41.791,0.925,-4.71,63.054,TRUE,0.255,TRUE,3,28,Amp,,0.974,Y,N,N,N,N,AMP
34,C10,FALSE,KN2342,Te_fin,UNKNOWN,VIC,NFQ-MGB,Undetermined,,,,,,44.952,0.901,-4.94,59.378,TRUE,0.04,TRUE,3,44,No Amp,,0,N,Y,Y,Y,Y,NOAMP
34,C10,FALSE,KN2342,Te_mar,UNKNOWN,NED,NFQ-MGB,32.982,32.982,,288.052,288.052,,42.498,0.876,-3.869,81.325,TRUE,0.04,TRUE,3,23,No Amp,,0.505,N,N,Y,Y,N,AMP
34,C10,FALSE,KN2342,sasa,UNKNOWN,FAM,NFQ-MGB,Undetermined,,,,,,41.791,0.925,-4.71,63.054,TRUE,0.255,TRUE,3,23,No Amp,,0,N,N,N,Y,N,NOAMP
35,C11,FALSE,KN2342,Te_fin,UNKNOWN,VIC,NFQ-MGB,Undetermined,,,,,,44.952,0.901,-4.94,59.378,TRUE,0.04,TRUE,3,44,No Amp,,0,N,Y,Y,Y,Y,NOAMP
35,C11,FALSE,KN2342,Te_mar,UNKNOWN,NED,NFQ-MGB,Undetermined,32.982,,,,,42.498,0.876,-3.869,81.325,TRUE,0.04,TRUE,3,44,Amp,,0,N,N,Y,Y,Y,NOAMP
35,C11,FALSE,KN2342,sasa,UNKNOWN,FAM,NFQ-MGB,Undetermined,,,,,,41.791,0.925,-4.71,63.054,TRUE,0.255,TRUE,3,22,No Amp,,0,N,N,N,Y,N,NOAMP
36,C12,FALSE,KN2342,Te_fin,UNKNOWN,VIC,NFQ-MGB,Undetermined,,,,,,44.952,0.901,-4.94,59.378,TRUE,0.04,TRUE,3,44,No Amp,,0,N,Y,Y,Y,Y,NOAMP
36,C12,FALSE,KN2342,Te_mar,UNKNOWN,NED,NFQ-MGB,Undetermined,32.982,,,,,42.498,0.876,-3.869,81.325,TRUE,0.04,TRUE,3,44,Amp,,0,N,N,Y,Y,Y,NOAMP
36,C12,FALSE,KN2342,sasa,UNKNOWN,FAM,NFQ-MGB,Undetermined,,,,,,41.791,0.925,-4.71,63.054,TRUE,0.255,TRUE,3,22,No Amp,,0,N,N,N,Y,N,NOAMP
37,D1,FALSE,CL0106,Te_fin,UNKNOWN,VIC,NFQ-MGB,42.777,42.777,,2.755,2.755,,44.952,0.901,-4.94,59.378,TRUE,0.04,TRUE,3,36,No Amp,,0.007,N,N,Y,Y,N,AMP
37,D1,FALSE,CL0106,Te_mar,UNKNOWN,NED,NFQ-MGB,Undetermined,33.841,,,,,42.498,0.876,-3.869,81.325,TRUE,0.04,TRUE,3,44,Amp,,0,N,N,Y,Y,Y,NOAMP
37,D1,FALSE,CL0106,sasa,UNKNOWN,FAM,NFQ-MGB,35.111,35.586,0.723,26.206,21.593,6.757,41.791,0.925,-4.71,63.054,TRUE,0.255,TRUE,3,25,Amp,,0.975,Y,N,N,N,N,AMP
38,D2,FALSE,CL0106,Te_fin,UNKNOWN,VIC,NFQ-MGB,Undetermined,42.777,,,,,44.952,0.901,-4.94,59.378,TRUE,0.04,TRUE,3,44,No Amp,,0,N,N,Y,Y,Y,NOAMP
38,D2,FALSE,CL0106,Te_mar,UNKNOWN,NED,NFQ-MGB,Undetermined,33.841,,,,,42.498,0.876,-3.869,81.325,TRUE,0.04,TRUE,3,44,Amp,,0,N,N,Y,Y,Y,NOAMP
38,D2,FALSE,CL0106,sasa,UNKNOWN,FAM,NFQ-MGB,36.417,35.586,0.723,13.836,21.593,6.757,41.791,0.925,-4.71,63.054,TRUE,0.255,TRUE,3,25,Amp,,0.967,Y,N,N,N,N,AMP
39,D3,FALSE,CL0106,Te_fin,UNKNOWN,VIC,NFQ-MGB,Undetermined,42.777,,,,,44.952,0.901,-4.94,59.378,TRUE,0.04,TRUE,3,44,No Amp,,0,N,N,Y,Y,Y,NOAMP
39,D3,FALSE,CL0106,Te_mar,UNKNOWN,NED,NFQ-MGB,33.841,33.841,,172.744,172.744,,42.498,0.876,-3.869,81.325,TRUE,0.04,TRUE,3,22,Amp,,0.171,N,N,Y,Y,N,AMP
39,D3,FALSE,CL0106,sasa,UNKNOWN,FAM,NFQ-MGB,35.229,35.586,0.723,24.736,21.593,6.757,41.791,0.925,-4.71,63.054,TRUE,0.255,TRUE,3,25,Amp,,0.971,Y,N,N,N,N,AMP
40,D4,FALSE,CL1696,Te_fin,UNKNOWN,VIC,NFQ-MGB,Undetermined,38.899,,,,,44.952,0.901,-4.94,59.378,TRUE,0.04,TRUE,3,44,No Amp,,0,N,N,Y,Y,Y,NOAMP
40,D4,FALSE,CL1696,Te_mar,UNKNOWN,NED,NFQ-MGB,Undetermined,,,,,,42.498,0.876,-3.869,81.325,TRUE,0.04,TRUE,3,44,No Amp,,0,N,N,Y,Y,Y,NOAMP
40,D4,FALSE,CL1696,sasa,UNKNOWN,FAM,NFQ-MGB,32.993,32.682,0.282,73.818,86.457,11.604,41.791,0.925,-4.71,63.054,TRUE,0.255,TRUE,3,24,Amp,,0.976,N,N,N,N,N,AMP
41,D5,FALSE,CL1696,Te_fin,UNKNOWN,VIC,NFQ-MGB,38.899,38.899,,16.798,16.798,,44.952,0.901,-4.94,59.378,TRUE,0.04,TRUE,3,34,No Amp,,0.401,N,N,Y,Y,N,AMP
41,D5,FALSE,CL1696,Te_mar,UNKNOWN,NED,NFQ-MGB,Undetermined,,,,,,42.498,0.876,-3.869,81.325,TRUE,0.04,TRUE,3,44,Amp,,0,N,N,Y,Y,Y,NOAMP
41,D5,FALSE,CL1696,sasa,UNKNOWN,FAM,NFQ-MGB,32.612,32.682,0.282,88.923,86.457,11.604,41.791,0.925,-4.71,63.054,TRUE,0.255,TRUE,3,24,Amp,,0.978,N,N,N,N,N,AMP
42,D6,FALSE,CL1696,Te_fin,UNKNOWN,VIC,NFQ-MGB,Undetermined,38.899,,,,,44.952,0.901,-4.94,59.378,TRUE,0.04,TRUE,3,44,No Amp,,0,N,N,Y,Y,Y,NOAMP
42,D6,FALSE,CL1696,Te_mar,UNKNOWN,NED,NFQ-MGB,Undetermined,,,,,,42.498,0.876,-3.869,81.325,TRUE,0.04,TRUE,3,44,Amp,,0,N,N,Y,Y,Y,NOAMP
42,D6,FALSE,CL1696,sasa,UNKNOWN,FAM,NFQ-MGB,32.442,32.682,0.282,96.63,86.457,11.604,41.791,0.925,-4.71,63.054,TRUE,0.255,TRUE,3,24,Amp,,0.979,N,N,N,N,N,AMP
43,D7,FALSE,CL2037,Te_fin,UNKNOWN,VIC,NFQ-MGB,Undetermined,43.125,,,,,44.952,0.901,-4.94,59.378,TRUE,0.04,TRUE,3,44,No Amp,,0,N,Y,Y,Y,Y,NOAMP
43,D7,FALSE,CL2037,Te_mar,UNKNOWN,NED,NFQ-MGB,Undetermined,,,,,,42.498,0.876,-3.869,81.325,TRUE,0.04,TRUE,3,44,Amp,,0,N,N,Y,Y,Y,NOAMP
43,D7,FALSE,CL2037,sasa,UNKNOWN,FAM,NFQ-MGB,35.356,34.906,0.598,23.245,29.841,9.207,41.791,0.925,-4.71,63.054,TRUE,0.255,TRUE,3,28,Amp,,0.966,Y,N,N,N,N,AMP
44,D8,FALSE,CL2037,Te_fin,UNKNOWN,VIC,NFQ-MGB,Undetermined,43.125,,,,,44.952,0.901,-4.94,59.378,TRUE,0.04,TRUE,3,44,No Amp,,0,N,Y,Y,Y,Y,NOAMP
44,D8,FALSE,CL2037,Te_mar,UNKNOWN,NED,NFQ-MGB,Undetermined,,,,,,42.498,0.876,-3.869,81.325,TRUE,0.04,TRUE,3,44,No Amp,,0,N,N,Y,Y,Y,NOAMP
44,D8,FALSE,CL2037,sasa,UNKNOWN,FAM,NFQ-MGB,34.228,34.906,0.598,40.359,29.841,9.207,41.791,0.925,-4.71,63.054,TRUE,0.255,TRUE,3,27,Amp,,0.972,Y,N,N,N,N,AMP
45,D9,FALSE,CL2037,Te_fin,UNKNOWN,VIC,NFQ-MGB,43.125,43.125,,2.343,2.343,,44.952,0.901,-4.94,59.378,TRUE,0.04,TRUE,3,35,No Amp,,0.098,N,N,Y,Y,N,ATYPICAL
45,D9,FALSE,CL2037,Te_mar,UNKNOWN,NED,NFQ-MGB,Undetermined,,,,,,42.498,0.876,-3.869,81.325,TRUE,0.04,TRUE,3,44,Amp,,0,N,N,Y,Y,Y,NOAMP
45,D9,FALSE,CL2037,sasa,UNKNOWN,FAM,NFQ-MGB,35.134,34.906,0.598,25.918,29.841,9.207,41.791,0.925,-4.71,63.054,TRUE,0.255,TRUE,3,27,Amp,,0.967,Y,N,N,N,N,AMP
46,D10,FALSE,KN1043,Te_fin,UNKNOWN,VIC,NFQ-MGB,Undetermined,42.47,,,,,44.952,0.901,-4.94,59.378,TRUE,0.04,TRUE,3,44,No Amp,,0,N,Y,Y,Y,Y,NOAMP
46,D10,FALSE,KN1043,Te_mar,UNKNOWN,NED,NFQ-MGB,Undetermined,,,,,,42.498,0.876,-3.869,81.325,TRUE,0.04,TRUE,3,44,Amp,,0,N,N,Y,Y,Y,NOAMP
46,D10,FALSE,KN1043,sasa,UNKNOWN,FAM,NFQ-MGB,Undetermined,38.287,0.259,,,,41.791,0.925,-4.71,63.054,TRUE,0.255,TRUE,3,44,No Amp,,0,N,N,N,Y,Y,NOAMP
47,D11,FALSE,KN1043,Te_fin,UNKNOWN,VIC,NFQ-MGB,Undetermined,42.47,,,,,44.952,0.901,-4.94,59.378,TRUE,0.04,TRUE,3,38,No Amp,,0,N,N,Y,Y,N,NOAMP
47,D11,FALSE,KN1043,Te_mar,UNKNOWN,NED,NFQ-MGB,Undetermined,,,,,,42.498,0.876,-3.869,81.325,TRUE,0.04,TRUE,3,44,Amp,,0,N,N,Y,Y,Y,NOAMP
47,D11,FALSE,KN1043,sasa,UNKNOWN,FAM,NFQ-MGB,38.47,38.287,0.259,5.072,5.568,0.703,41.791,0.925,-4.71,63.054,TRUE,0.255,TRUE,3,31,Amp,,0.945,N,N,N,N,N,AMP
48,D12,FALSE,KN1043,Te_fin,UNKNOWN,VIC,NFQ-MGB,42.47,42.47,,3.18,3.18,,44.952,0.901,-4.94,59.378,TRUE,0.04,TRUE,3,38,No Amp,,0.111,N,N,Y,Y,N,AMP
48,D12,FALSE,KN1043,Te_mar,UNKNOWN,NED,NFQ-MGB,Undetermined,,,,,,42.498,0.876,-3.869,81.325,TRUE,0.04,TRUE,3,44,Amp,,0,N,N,Y,Y,Y,NOAMP
48,D12,FALSE,KN1043,sasa,UNKNOWN,FAM,NFQ-MGB,38.104,38.287,0.259,6.065,5.568,0.703,41.791,0.925,-4.71,63.054,TRUE,0.255,TRUE,3,30,Amp,,0.949,N,N,N,N,N,AMP
49,E1,FALSE,KN0925,Te_fin,UNKNOWN,VIC,NFQ-MGB,43.063,43.063,,2.412,2.412,,44.952,0.901,-4.94,59.378,TRUE,0.04,TRUE,3,39,No Amp,,0.09,N,N,Y,Y,N,AMP
49,E1,FALSE,KN0925,Te_mar,UNKNOWN,NED,NFQ-MGB,Undetermined,,,,,,42.498,0.876,-3.869,81.325,TRUE,0.04,TRUE,3,44,Amp,,0,N,N,Y,Y,Y,NOAMP
49,E1,FALSE,KN0925,sasa,UNKNOWN,FAM,NFQ-MGB,Undetermined,,,,,,41.791,0.925,-4.71,63.054,TRUE,0.255,TRUE,3,22,No Amp,,0,N,N,N,Y,N,NOAMP
50,E2,FALSE,KN0925,Te_fin,UNKNOWN,VIC,NFQ-MGB,Undetermined,43.063,,,,,44.952,0.901,-4.94,59.378,TRUE,0.04,TRUE,3,44,No Amp,,0,N,Y,Y,Y,Y,NOAMP
50,E2,FALSE,KN0925,Te_mar,UNKNOWN,NED,NFQ-MGB,Undetermined,,,,,,42.498,0.876,-3.869,81.325,TRUE,0.04,TRUE,3,44,Amp,,0,N,N,Y,Y,Y,NOAMP
50,E2,FALSE,KN0925,sasa,UNKNOWN,FAM,NFQ-MGB,Undetermined,,,,,,41.791,0.925,-4.71,63.054,TRUE,0.255,TRUE,3,23,No Amp,,0,N,N,N,Y,N,NOAMP
51,E3,FALSE,KN0925,Te_fin,UNKNOWN,VIC,NFQ-MGB,Undetermined,43.063,,,,,44.952,0.901,-4.94,59.378,TRUE,0.04,TRUE,3,44,No Amp,,0,N,Y,Y,Y,Y,NOAMP
51,E3,FALSE,KN0925,Te_mar,UNKNOWN,NED,NFQ-MGB,Undetermined,,,,,,42.498,0.876,-3.869,81.325,TRUE,0.04,TRUE,3,44,No Amp,,0,N,N,Y,Y,Y,NOAMP
51,E3,FALSE,KN0925,sasa,UNKNOWN,FAM,NFQ-MGB,Undetermined,,,,,,41.791,0.925,-4.71,63.054,TRUE,0.255,TRUE,3,22,No Amp,,0,N,N,N,Y,N,NOAMP
52,E4,FALSE,CL1898,Te_fin,UNKNOWN,VIC,NFQ-MGB,Undetermined,,,,,,44.952,0.901,-4.94,59.378,TRUE,0.04,TRUE,3,44,No Amp,,0,N,N,Y,Y,Y,NOAMP
52,E4,FALSE,CL1898,Te_mar,UNKNOWN,NED,NFQ-MGB,Undetermined,,,,,,42.498,0.876,-3.869,81.325,TRUE,0.04,TRUE,3,44,No Amp,,0,N,N,Y,Y,Y,NOAMP
52,E4,FALSE,CL1898,sasa,UNKNOWN,FAM,NFQ-MGB,32.803,32.926,0.123,81.02,76.38,4.6,41.791,0.925,-4.71,63.054,TRUE,0.255,TRUE,3,25,Amp,,0.978,N,N,N,N,N,AMP
53,E5,FALSE,CL1898,Te_fin,UNKNOWN,VIC,NFQ-MGB,Undetermined,,,,,,44.952,0.901,-4.94,59.378,TRUE,0.04,TRUE,3,44,No Amp,,0,N,N,Y,Y,Y,NOAMP
53,E5,FALSE,CL1898,Te_mar,UNKNOWN,NED,NFQ-MGB,Undetermined,,,,,,42.498,0.876,-3.869,81.325,TRUE,0.04,TRUE,3,44,Amp,,0,N,N,Y,Y,Y,NOAMP
53,E5,FALSE,CL1898,sasa,UNKNOWN,FAM,NFQ-MGB,32.925,32.926,0.123,76.301,76.38,4.6,41.791,0.925,-4.71,63.054,TRUE,0.255,TRUE,3,24,Amp,,0.978,N,N,N,N,N,AMP
54,E6,FALSE,CL1898,Te_fin,UNKNOWN,VIC,NFQ-MGB,Undetermined,,,,,,44.952,0.901,-4.94,59.378,TRUE,0.04,TRUE,3,44,No Amp,,0,N,N,Y,Y,Y,NOAMP
54,E6,FALSE,CL1898,Te_mar,UNKNOWN,NED,NFQ-MGB,Undetermined,,,,,,42.498,0.876,-3.869,81.325,TRUE,0.04,TRUE,3,44,Amp,,0,N,N,Y,Y,Y,NOAMP
54,E6,FALSE,CL1898,sasa,UNKNOWN,FAM,NFQ-MGB,33.049,32.926,0.123,71.82,76.38,4.6,41.791,0.925,-4.71,63.054,TRUE,0.255,TRUE,3,24,Amp,,0.978,N,N,N,N,N,AMP
55,E7,FALSE,CL0526,Te_fin,UNKNOWN,VIC,NFQ-MGB,39.214,39.214,,14.502,14.502,,44.952,0.901,-4.94,59.378,TRUE,0.04,TRUE,3,32,No Amp,,0.245,N,N,Y,Y,N,AMP
55,E7,FALSE,CL0526,Te_mar,UNKNOWN,NED,NFQ-MGB,Undetermined,,,,,,42.498,0.876,-3.869,81.325,TRUE,0.04,TRUE,3,44,No Amp,,0,N,N,Y,Y,Y,NOAMP
55,E7,FALSE,CL0526,sasa,UNKNOWN,FAM,NFQ-MGB,32.101,32.018,0.094,114.173,118.98,5.52,41.791,0.925,-4.71,63.054,TRUE,0.255,TRUE,3,24,Amp,,0.977,N,N,N,N,N,AMP
56,E8,FALSE,CL0526,Te_fin,UNKNOWN,VIC,NFQ-MGB,Undetermined,39.214,,,,,44.952,0.901,-4.94,59.378,TRUE,0.04,TRUE,3,44,No Amp,,0,N,Y,Y,Y,Y,NOAMP
56,E8,FALSE,CL0526,Te_mar,UNKNOWN,NED,NFQ-MGB,Undetermined,,,,,,42.498,0.876,-3.869,81.325,TRUE,0.04,TRUE,3,44,No Amp,,0,N,N,Y,Y,Y,NOAMP
56,E8,FALSE,CL0526,sasa,UNKNOWN,FAM,NFQ-MGB,31.915,32.018,0.094,125.008,118.98,5.52,41.791,0.925,-4.71,63.054,TRUE,0.255,TRUE,3,23,Amp,,0.977,N,N,N,N,N,AMP
57,E9,FALSE,CL0526,Te_fin,UNKNOWN,VIC,NFQ-MGB,Undetermined,39.214,,,,,44.952,0.901,-4.94,59.378,TRUE,0.04,TRUE,3,44,No Amp,,0,N,N,Y,Y,Y,NOAMP
57,E9,FALSE,CL0526,Te_mar,UNKNOWN,NED,NFQ-MGB,Undetermined,,,,,,42.498,0.876,-3.869,81.325,TRUE,0.04,TRUE,3,44,No Amp,,0,N,N,Y,Y,Y,NOAMP
57,E9,FALSE,CL0526,sasa,UNKNOWN,FAM,NFQ-MGB,32.038,32.018,0.094,117.758,118.98,5.52,41.791,0.925,-4.71,63.054,TRUE,0.255,TRUE,3,23,Amp,,0.976,N,N,N,N,N,AMP
58,E10,FALSE,KN1705,Te_fin,UNKNOWN,VIC,NFQ-MGB,Undetermined,,,,,,44.952,0.901,-4.94,59.378,TRUE,0.04,TRUE,3,44,No Amp,,0,N,Y,Y,Y,Y,NOAMP
58,E10,FALSE,KN1705,Te_mar,UNKNOWN,NED,NFQ-MGB,Undetermined,,,,,,42.498,0.876,-3.869,81.325,TRUE,0.04,TRUE,3,44,Amp,,0,N,N,Y,Y,Y,NOAMP
58,E10,FALSE,KN1705,sasa,UNKNOWN,FAM,NFQ-MGB,Undetermined,,,,,,41.791,0.925,-4.71,63.054,TRUE,0.255,TRUE,3,22,No Amp,,0,N,N,N,Y,N,NOAMP
59,E11,FALSE,KN1705,Te_fin,UNKNOWN,VIC,NFQ-MGB,Undetermined,,,,,,44.952,0.901,-4.94,59.378,TRUE,0.04,TRUE,3,44,No Amp,,0,N,Y,Y,Y,Y,NOAMP
59,E11,FALSE,KN1705,Te_mar,UNKNOWN,NED,NFQ-MGB,Undetermined,,,,,,42.498,0.876,-3.869,81.325,TRUE,0.04,TRUE,3,44,Amp,,0,N,N,Y,Y,Y,NOAMP
59,E11,FALSE,KN1705,sasa,UNKNOWN,FAM,NFQ-MGB,Undetermined,,,,,,41.791,0.925,-4.71,63.054,TRUE,0.255,TRUE,3,23,No Amp,,0,N,N,N,Y,N,NOAMP
60,E12,FALSE,KN1705,Te_fin,UNKNOWN,VIC,NFQ-MGB,Undetermined,,,,,,44.952,0.901,-4.94,59.378,TRUE,0.04,TRUE,3,44,No Amp,,0,N,Y,Y,Y,Y,NOAMP
60,E12,FALSE,KN1705,Te_mar,UNKNOWN,NED,NFQ-MGB,Undetermined,,,,,,42.498,0.876,-3.869,81.325,TRUE,0.04,TRUE,3,44,Amp,,0,N,N,Y,Y,Y,NOAMP
60,E12,FALSE,KN1705,sasa,UNKNOWN,FAM,NFQ-MGB,Undetermined,,,,,,41.791,0.925,-4.71,63.054,TRUE,0.255,TRUE,3,22,No Amp,,0,N,N,N,Y,N,NOAMP
61,F1,FALSE,CL2212,Te_fin,UNKNOWN,VIC,NFQ-MGB,Undetermined,,,,,,44.952,0.901,-4.94,59.378,TRUE,0.04,TRUE,3,44,No Amp,,0,N,Y,Y,Y,Y,NOAMP
61,F1,FALSE,CL2212,Te_mar,UNKNOWN,NED,NFQ-MGB,Undetermined,,,,,,42.498,0.876,-3.869,81.325,TRUE,0.04,TRUE,3,44,Amp,,0,N,N,Y,Y,Y,NOAMP
61,F1,FALSE,CL2212,sasa,UNKNOWN,FAM,NFQ-MGB,Undetermined,36.431,,,,,41.791,0.925,-4.71,63.054,TRUE,0.255,TRUE,3,23,No Amp,,0,N,N,N,Y,N,NOAMP
62,F2,FALSE,CL2212,Te_fin,UNKNOWN,VIC,NFQ-MGB,Undetermined,,,,,,44.952,0.901,-4.94,59.378,TRUE,0.04,TRUE,3,44,No Amp,,0,N,Y,Y,Y,Y,NOAMP
62,F2,FALSE,CL2212,Te_mar,UNKNOWN,NED,NFQ-MGB,Undetermined,,,,,,42.498,0.876,-3.869,81.325,TRUE,0.04,TRUE,3,44,No Amp,,0,N,N,Y,Y,Y,NOAMP
62,F2,FALSE,CL2212,sasa,UNKNOWN,FAM,NFQ-MGB,Undetermined,36.431,,,,,41.791,0.925,-4.71,63.054,TRUE,0.255,TRUE,3,23,No Amp,,0,N,N,N,Y,N,NOAMP
63,F3,FALSE,CL2212,Te_fin,UNKNOWN,VIC,NFQ-MGB,Undetermined,,,,,,44.952,0.901,-4.94,59.378,TRUE,0.04,TRUE,3,44,No Amp,,0,N,N,Y,Y,Y,NOAMP
63,F3,FALSE,CL2212,Te_mar,UNKNOWN,NED,NFQ-MGB,Undetermined,,,,,,42.498,0.876,-3.869,81.325,TRUE,0.04,TRUE,3,44,Amp,,0,N,N,Y,Y,Y,NOAMP
63,F3,FALSE,CL2212,sasa,UNKNOWN,FAM,NFQ-MGB,36.431,36.431,,13.745,13.745,,41.791,0.925,-4.71,63.054,TRUE,0.255,TRUE,3,29,Amp,,0.964,N,N,N,N,N,AMP
64,F4,FALSE,CL0361,Te_fin,UNKNOWN,VIC,NFQ-MGB,Undetermined,,,,,,44.952,0.901,-4.94,59.378,TRUE,0.04,TRUE,3,44,No Amp,,0,N,N,Y,Y,Y,NOAMP
64,F4,FALSE,CL0361,Te_mar,UNKNOWN,NED,NFQ-MGB,Undetermined,,,,,,42.498,0.876,-3.869,81.325,TRUE,0.04,TRUE,3,44,No Amp,,0,N,N,Y,Y,Y,NOAMP
64,F4,FALSE,CL0361,sasa,UNKNOWN,FAM,NFQ-MGB,33.939,34.422,0.678,46.49,37.987,11.322,41.791,0.925,-4.71,63.054,TRUE,0.255,TRUE,3,26,Amp,,0.975,Y,N,N,N,N,AMP
65,F5,FALSE,CL0361,Te_fin,UNKNOWN,VIC,NFQ-MGB,Undetermined,,,,,,44.952,0.901,-4.94,59.378,TRUE,0.04,TRUE,3,44,No Amp,,0,N,N,Y,Y,Y,NOAMP
65,F5,FALSE,CL0361,Te_mar,UNKNOWN,NED,NFQ-MGB,Undetermined,,,,,,42.498,0.876,-3.869,81.325,TRUE,0.04,TRUE,3,44,No Amp,,0,N,N,Y,Y,Y,NOAMP
65,F5,FALSE,CL0361,sasa,UNKNOWN,FAM,NFQ-MGB,35.196,34.422,0.678,25.135,37.987,11.322,41.791,0.925,-4.71,63.054,TRUE,0.255,TRUE,3,26,Amp,,0.968,Y,N,N,N,N,AMP
66,F6,FALSE,CL0361,Te_fin,UNKNOWN,VIC,NFQ-MGB,Undetermined,,,,,,44.952,0.901,-4.94,59.378,TRUE,0.04,TRUE,3,44,No Amp,,0,N,N,Y,Y,Y,NOAMP
66,F6,FALSE,CL0361,Te_mar,UNKNOWN,NED,NFQ-MGB,Undetermined,,,,,,42.498,0.876,-3.869,81.325,TRUE,0.04,TRUE,3,44,No Amp,,0,N,N,Y,Y,Y,NOAMP
66,F6,FALSE,CL0361,sasa,UNKNOWN,FAM,NFQ-MGB,34.13,34.422,0.678,42.335,37.987,11.322,41.791,0.925,-4.71,63.054,TRUE,0.255,TRUE,3,25,Amp,,0.972,Y,N,N,N,N,AMP
67,F7,FALSE,CL1450,Te_fin,UNKNOWN,VIC,NFQ-MGB,Undetermined,39.767,,,,,44.952,0.901,-4.94,59.378,TRUE,0.04,TRUE,3,44,No Amp,,0,N,N,Y,Y,Y,NOAMP
67,F7,FALSE,CL1450,Te_mar,UNKNOWN,NED,NFQ-MGB,Undetermined,,,,,,42.498,0.876,-3.869,81.325,TRUE,0.04,TRUE,3,44,Amp,,0,N,N,Y,Y,Y,NOAMP
67,F7,FALSE,CL1450,sasa,UNKNOWN,FAM,NFQ-MGB,32.218,32.572,0.381,107.837,91.702,16.703,41.791,0.925,-4.71,63.054,TRUE,0.255,TRUE,3,23,Amp,,0.976,N,N,N,N,N,AMP
68,F8,FALSE,CL1450,Te_fin,UNKNOWN,VIC,NFQ-MGB,39.767,39.767,,11.208,11.208,,44.952,0.901,-4.94,59.378,TRUE,0.04,TRUE,3,35,No Amp,,0.223,N,N,Y,Y,N,AMP
68,F8,FALSE,CL1450,Te_mar,UNKNOWN,NED,NFQ-MGB,Undetermined,,,,,,42.498,0.876,-3.869,81.325,TRUE,0.04,TRUE,3,44,No Amp,,0,N,N,Y,Y,Y,NOAMP
68,F8,FALSE,CL1450,sasa,UNKNOWN,FAM,NFQ-MGB,32.975,32.572,0.381,74.484,91.702,16.703,41.791,0.925,-4.71,63.054,TRUE,0.255,TRUE,3,23,Amp,,0.974,N,N,N,N,N,AMP
69,F9,FALSE,CL1450,Te_fin,UNKNOWN,VIC,NFQ-MGB,Undetermined,39.767,,,,,44.952,0.901,-4.94,59.378,TRUE,0.04,TRUE,3,44,No Amp,,0,N,N,Y,Y,Y,NOAMP
69,F9,FALSE,CL1450,Te_mar,UNKNOWN,NED,NFQ-MGB,Undetermined,,,,,,42.498,0.876,-3.869,81.325,TRUE,0.04,TRUE,3,44,No Amp,,0,N,N,Y,Y,Y,NOAMP
69,F9,FALSE,CL1450,sasa,UNKNOWN,FAM,NFQ-MGB,32.525,32.572,0.381,92.786,91.702,16.703,41.791,0.925,-4.71,63.054,TRUE,0.255,TRUE,3,23,Amp,,0.975,N,N,N,N,N,AMP
70,F10,FALSE,CL0722,Te_fin,UNKNOWN,VIC,NFQ-MGB,Undetermined,39.329,,,,,44.952,0.901,-4.94,59.378,TRUE,0.04,TRUE,3,44,No Amp,,0,N,N,Y,Y,Y,NOAMP
70,F10,FALSE,CL0722,Te_mar,UNKNOWN,NED,NFQ-MGB,Undetermined,,,,,,42.498,0.876,-3.869,81.325,TRUE,0.04,TRUE,3,44,No Amp,,0,N,N,Y,Y,Y,NOAMP
70,F10,FALSE,CL0722,sasa,UNKNOWN,FAM,NFQ-MGB,33.697,33.108,0.7,52.329,72.629,25.941,41.791,0.925,-4.71,63.054,TRUE,0.255,TRUE,3,24,Amp,,0.975,Y,N,N,N,N,AMP
71,F11,FALSE,CL0722,Te_fin,UNKNOWN,VIC,NFQ-MGB,Undetermined,39.329,,,,,44.952,0.901,-4.94,59.378,TRUE,0.04,TRUE,3,34,No Amp,,0,N,N,Y,Y,N,NOAMP
71,F11,FALSE,CL0722,Te_mar,UNKNOWN,NED,NFQ-MGB,Undetermined,,,,,,42.498,0.876,-3.869,81.325,TRUE,0.04,TRUE,3,44,Amp,,0,N,N,Y,Y,Y,NOAMP
71,F11,FALSE,CL0722,sasa,UNKNOWN,FAM,NFQ-MGB,33.294,33.108,0.7,63.704,72.629,25.941,41.791,0.925,-4.71,63.054,TRUE,0.255,TRUE,3,24,Amp,,0.976,Y,N,N,N,N,AMP
72,F12,FALSE,CL0722,Te_fin,UNKNOWN,VIC,NFQ-MGB,39.329,39.329,,13.747,13.747,,44.952,0.901,-4.94,59.378,TRUE,0.04,TRUE,3,33,No Amp,,0.089,N,N,Y,Y,N,AMP
72,F12,FALSE,CL0722,Te_mar,UNKNOWN,NED,NFQ-MGB,Undetermined,,,,,,42.498,0.876,-3.869,81.325,TRUE,0.04,TRUE,3,44,No Amp,,0,N,N,Y,Y,Y,NOAMP
72,F12,FALSE,CL0722,sasa,UNKNOWN,FAM,NFQ-MGB,32.334,33.108,0.7,101.854,72.629,25.941,41.791,0.925,-4.71,63.054,TRUE,0.255,TRUE,3,23,Amp,,0.975,Y,N,N,N,N,AMP
73,G1,FALSE,KN0457,Te_fin,UNKNOWN,VIC,NFQ-MGB,43.072,41.428,2.325,2.402,6.762,6.166,44.952,0.901,-4.94,59.378,TRUE,0.04,TRUE,3,36,No Amp,,0.011,Y,N,Y,Y,N,AMP
73,G1,FALSE,KN0457,Te_mar,UNKNOWN,NED,NFQ-MGB,Undetermined,,,,,,42.498,0.876,-3.869,81.325,TRUE,0.04,TRUE,3,44,Amp,,0,N,N,Y,Y,Y,NOAMP
73,G1,FALSE,KN0457,sasa,UNKNOWN,FAM,NFQ-MGB,34.966,35.004,0.053,28.13,27.621,0.719,41.791,0.925,-4.71,63.054,TRUE,0.255,TRUE,3,24,Amp,,0.981,N,N,N,N,N,AMP
74,G2,FALSE,KN0457,Te_fin,UNKNOWN,VIC,NFQ-MGB,Undetermined,41.428,2.325,,,,44.952,0.901,-4.94,59.378,TRUE,0.04,TRUE,3,44,No Amp,,0,N,Y,Y,Y,Y,AMP
74,G2,FALSE,KN0457,Te_mar,UNKNOWN,NED,NFQ-MGB,Undetermined,,,,,,42.498,0.876,-3.869,81.325,TRUE,0.04,TRUE,3,44,Amp,,0,N,N,Y,Y,Y,NOAMP
74,G2,FALSE,KN0457,sasa,UNKNOWN,FAM,NFQ-MGB,Undetermined,35.004,0.053,,,,41.791,0.925,-4.71,63.054,TRUE,0.255,TRUE,3,22,No Amp,,0,N,N,N,Y,N,NOAMP
75,G3,FALSE,KN0457,Te_fin,UNKNOWN,VIC,NFQ-MGB,39.784,41.428,2.325,11.122,6.762,6.166,44.952,0.901,-4.94,59.378,TRUE,0.04,TRUE,3,36,Amp,,0.463,Y,N,Y,Y,N,AMP
75,G3,FALSE,KN0457,Te_mar,UNKNOWN,NED,NFQ-MGB,Undetermined,,,,,,42.498,0.876,-3.869,81.325,TRUE,0.04,TRUE,3,44,No Amp,,0,N,N,Y,Y,Y,NOAMP
75,G3,FALSE,KN0457,sasa,UNKNOWN,FAM,NFQ-MGB,35.042,35.004,0.053,27.112,27.621,0.719,41.791,0.925,-4.71,63.054,TRUE,0.255,TRUE,3,26,Amp,,0.971,N,N,N,N,N,AMP
76,G4,FALSE,KN0875,Te_fin,UNKNOWN,VIC,NFQ-MGB,Undetermined,,,,,,44.952,0.901,-4.94,59.378,TRUE,0.04,TRUE,3,44,No Amp,,0,N,Y,Y,Y,Y,NOAMP
76,G4,FALSE,KN0875,Te_mar,UNKNOWN,NED,NFQ-MGB,Undetermined,,,,,,42.498,0.876,-3.869,81.325,TRUE,0.04,TRUE,3,44,Amp,,0,N,N,Y,Y,Y,NOAMP
76,G4,FALSE,KN0875,sasa,UNKNOWN,FAM,NFQ-MGB,Undetermined,,,,,,41.791,0.925,-4.71,63.054,TRUE,0.255,TRUE,3,23,No Amp,,0,N,N,N,Y,N,NOAMP
77,G5,FALSE,KN0875,Te_fin,UNKNOWN,VIC,NFQ-MGB,Undetermined,,,,,,44.952,0.901,-4.94,59.378,TRUE,0.04,TRUE,3,44,No Amp,,0,N,Y,Y,Y,Y,NOAMP
77,G5,FALSE,KN0875,Te_mar,UNKNOWN,NED,NFQ-MGB,Undetermined,,,,,,42.498,0.876,-3.869,81.325,TRUE,0.04,TRUE,3,44,Amp,,0,N,N,Y,Y,Y,NOAMP
77,G5,FALSE,KN0875,sasa,UNKNOWN,FAM,NFQ-MGB,Undetermined,,,,,,41.791,0.925,-4.71,63.054,TRUE,0.255,TRUE,3,22,No Amp,,0,N,N,N,Y,N,NOAMP
78,G6,FALSE,KN0875,Te_fin,UNKNOWN,VIC,NFQ-MGB,Undetermined,,,,,,44.952,0.901,-4.94,59.378,TRUE,0.04,TRUE,3,44,No Amp,,0,N,Y,Y,Y,Y,NOAMP
78,G6,FALSE,KN0875,Te_mar,UNKNOWN,NED,NFQ-MGB,Undetermined,,,,,,42.498,0.876,-3.869,81.325,TRUE,0.04,TRUE,3,44,Amp,,0,N,N,Y,Y,Y,NOAMP
78,G6,FALSE,KN0875,sasa,UNKNOWN,FAM,NFQ-MGB,Undetermined,,,,,,41.791,0.925,-4.71,63.054,TRUE,0.255,TRUE,3,22,No Amp,,0,N,N,N,Y,N,NOAMP
79,G7,FALSE,KN0284,Te_fin,UNKNOWN,VIC,NFQ-MGB,Undetermined,,,,,,44.952,0.901,-4.94,59.378,TRUE,0.04,TRUE,3,44,No Amp,,0,N,Y,Y,Y,Y,NOAMP
79,G7,FALSE,KN0284,Te_mar,UNKNOWN,NED,NFQ-MGB,Undetermined,,,,,,42.498,0.876,-3.869,81.325,TRUE,0.04,TRUE,3,44,Amp,,0,N,N,Y,Y,Y,NOAMP
79,G7,FALSE,KN0284,sasa,UNKNOWN,FAM,NFQ-MGB,37.784,37.784,,7.095,7.095,,41.791,0.925,-4.71,63.054,TRUE,0.255,TRUE,3,29,Amp,,0.956,N,N,N,N,N,AMP
80,G8,FALSE,KN0284,Te_fin,UNKNOWN,VIC,NFQ-MGB,Undetermined,,,,,,44.952,0.901,-4.94,59.378,TRUE,0.04,TRUE,3,44,No Amp,,0,N,Y,Y,Y,Y,NOAMP
80,G8,FALSE,KN0284,Te_mar,UNKNOWN,NED,NFQ-MGB,Undetermined,,,,,,42.498,0.876,-3.869,81.325,TRUE,0.04,TRUE,3,44,No Amp,,0,N,N,Y,Y,Y,NOAMP
80,G8,FALSE,KN0284,sasa,UNKNOWN,FAM,NFQ-MGB,Undetermined,37.784,,,,,41.791,0.925,-4.71,63.054,TRUE,0.255,TRUE,3,22,No Amp,,0,N,N,N,Y,N,NOAMP
81,G9,FALSE,KN0284,Te_fin,UNKNOWN,VIC,NFQ-MGB,Undetermined,,,,,,44.952,0.901,-4.94,59.378,TRUE,0.04,TRUE,3,44,No Amp,,0,N,Y,Y,Y,Y,NOAMP
81,G9,FALSE,KN0284,Te_mar,UNKNOWN,NED,NFQ-MGB,Undetermined,,,,,,42.498,0.876,-3.869,81.325,TRUE,0.04,TRUE,3,44,Amp,,0,N,N,Y,Y,Y,NOAMP
81,G9,FALSE,KN0284,sasa,UNKNOWN,FAM,NFQ-MGB,Undetermined,37.784,,,,,41.791,0.925,-4.71,63.054,TRUE,0.255,TRUE,3,22,No Amp,,0,N,N,N,Y,N,NOAMP
82,G10,FALSE,KN1102,Te_fin,UNKNOWN,VIC,NFQ-MGB,Undetermined,,,,,,44.952,0.901,-4.94,59.378,TRUE,0.04,TRUE,3,44,No Amp,,0,N,Y,Y,Y,Y,NOAMP
82,G10,FALSE,KN1102,Te_mar,UNKNOWN,NED,NFQ-MGB,Undetermined,,,,,,42.498,0.876,-3.869,81.325,TRUE,0.04,TRUE,3,44,No Amp,,0,N,N,Y,Y,Y,NOAMP
82,G10,FALSE,KN1102,sasa,UNKNOWN,FAM,NFQ-MGB,44.29,44.29,,0.295,0.295,,41.791,0.925,-4.71,63.054,TRUE,0.255,TRUE,3,36,No Amp,,0,N,N,N,Y,N,AMP
83,G11,FALSE,KN1102,Te_fin,UNKNOWN,VIC,NFQ-MGB,Undetermined,,,,,,44.952,0.901,-4.94,59.378,TRUE,0.04,TRUE,3,44,No Amp,,0,N,Y,Y,Y,Y,NOAMP
83,G11,FALSE,KN1102,Te_mar,UNKNOWN,NED,NFQ-MGB,Undetermined,,,,,,42.498,0.876,-3.869,81.325,TRUE,0.04,TRUE,3,44,No Amp,,0,N,N,Y,Y,Y,NOAMP
83,G11,FALSE,KN1102,sasa,UNKNOWN,FAM,NFQ-MGB,Undetermined,44.29,,,,,41.791,0.925,-4.71,63.054,TRUE,0.255,TRUE,3,20,No Amp,,0,N,N,N,Y,N,NOAMP
84,G12,FALSE,KN1102,Te_fin,UNKNOWN,VIC,NFQ-MGB,Undetermined,,,,,,44.952,0.901,-4.94,59.378,TRUE,0.04,TRUE,3,44,No Amp,,0,N,Y,Y,Y,Y,NOAMP
84,G12,FALSE,KN1102,Te_mar,UNKNOWN,NED,NFQ-MGB,Undetermined,,,,,,42.498,0.876,-3.869,81.325,TRUE,0.04,TRUE,3,44,Amp,,0,N,N,Y,Y,Y,NOAMP
84,G12,FALSE,KN1102,sasa,UNKNOWN,FAM,NFQ-MGB,Undetermined,44.29,,,,,41.791,0.925,-4.71,63.054,TRUE,0.255,TRUE,3,20,No Amp,,0,N,N,N,Y,N,NOAMP
85,H1,FALSE,KN1360,Te_fin,UNKNOWN,VIC,NFQ-MGB,Undetermined,,,,,,44.952,0.901,-4.94,59.378,TRUE,0.04,TRUE,3,44,No Amp,,0,N,Y,Y,Y,Y,NOAMP
85,H1,FALSE,KN1360,Te_mar,UNKNOWN,NED,NFQ-MGB,33.706,33.706,,187.163,187.163,,42.498,0.876,-3.869,81.325,TRUE,0.04,TRUE,3,23,Amp,,0.388,N,N,Y,Y,N,AMP
85,H1,FALSE,KN1360,sasa,UNKNOWN,FAM,NFQ-MGB,Undetermined,,,,,,41.791,0.925,-4.71,63.054,TRUE,0.255,TRUE,3,22,No Amp,,0,N,N,N,Y,N,NOAMP
86,H2,FALSE,KN1360,Te_fin,UNKNOWN,VIC,NFQ-MGB,Undetermined,,,,,,44.952,0.901,-4.94,59.378,TRUE,0.04,TRUE,3,44,No Amp,,0,N,Y,Y,Y,Y,NOAMP
86,H2,FALSE,KN1360,Te_mar,UNKNOWN,NED,NFQ-MGB,Undetermined,33.706,,,,,42.498,0.876,-3.869,81.325,TRUE,0.04,TRUE,3,44,No Amp,,0,N,N,Y,Y,Y,NOAMP
86,H2,FALSE,KN1360,sasa,UNKNOWN,FAM,NFQ-MGB,Undetermined,,,,,,41.791,0.925,-4.71,63.054,TRUE,0.255,TRUE,3,23,No Amp,,0,N,N,N,Y,N,NOAMP
87,H3,FALSE,KN1360,Te_fin,UNKNOWN,VIC,NFQ-MGB,Undetermined,,,,,,44.952,0.901,-4.94,59.378,TRUE,0.04,TRUE,3,38,No Amp,,0,N,N,Y,Y,N,NOAMP
87,H3,FALSE,KN1360,Te_mar,UNKNOWN,NED,NFQ-MGB,Undetermined,33.706,,,,,42.498,0.876,-3.869,81.325,TRUE,0.04,TRUE,3,44,Amp,,0,N,N,Y,Y,Y,NOAMP
87,H3,FALSE,KN1360,sasa,UNKNOWN,FAM,NFQ-MGB,Undetermined,,,,,,41.791,0.925,-4.71,63.054,TRUE,0.255,TRUE,3,22,No Amp,,0,N,N,N,Y,N,NOAMP
88,H4,FALSE,CL1251,Te_fin,UNKNOWN,VIC,NFQ-MGB,Undetermined,,,,,,44.952,0.901,-4.94,59.378,TRUE,0.04,TRUE,3,44,No Amp,,0,N,N,Y,Y,Y,NOAMP
88,H4,FALSE,CL1251,Te_mar,UNKNOWN,NED,NFQ-MGB,Undetermined,,,,,,42.498,0.876,-3.869,81.325,TRUE,0.04,TRUE,3,44,Amp,,0,N,N,Y,Y,Y,NOAMP
88,H4,FALSE,CL1251,sasa,UNKNOWN,FAM,NFQ-MGB,32.772,32.386,0.342,82.218,100.202,16.019,41.791,0.925,-4.71,63.054,TRUE,0.255,TRUE,3,22,Amp,,0.98,N,N,N,N,N,AMP
89,H5,FALSE,CL1251,Te_fin,UNKNOWN,VIC,NFQ-MGB,Undetermined,,,,,,44.952,0.901,-4.94,59.378,TRUE,0.04,TRUE,3,33,No Amp,,0,N,N,Y,Y,N,NOAMP
89,H5,FALSE,CL1251,Te_mar,UNKNOWN,NED,NFQ-MGB,Undetermined,,,,,,42.498,0.876,-3.869,81.325,TRUE,0.04,TRUE,3,44,Amp,,0,N,N,Y,Y,Y,NOAMP
89,H5,FALSE,CL1251,sasa,UNKNOWN,FAM,NFQ-MGB,32.264,32.386,0.342,105.446,100.202,16.019,41.791,0.925,-4.71,63.054,TRUE,0.255,TRUE,3,22,Amp,,0.982,N,N,N,N,N,AMP
90,H6,FALSE,CL1251,Te_fin,UNKNOWN,VIC,NFQ-MGB,Undetermined,,,,,,44.952,0.901,-4.94,59.378,TRUE,0.04,TRUE,3,44,No Amp,,0,N,N,Y,Y,Y,NOAMP
90,H6,FALSE,CL1251,Te_mar,UNKNOWN,NED,NFQ-MGB,Undetermined,,,,,,42.498,0.876,-3.869,81.325,TRUE,0.04,TRUE,3,44,Amp,,0,N,N,Y,Y,Y,NOAMP
90,H6,FALSE,CL1251,sasa,UNKNOWN,FAM,NFQ-MGB,32.123,32.386,0.342,112.941,100.202,16.019,41.791,0.925,-4.71,63.054,TRUE,0.255,TRUE,3,22,Amp,,0.983,N,N,N,N,N,AMP
91,H7,FALSE,CT0917,Te_fin,UNKNOWN,VIC,NFQ-MGB,Undetermined,,,,,,44.952,0.901,-4.94,59.378,TRUE,0.04,TRUE,3,44,No Amp,,0,N,Y,Y,Y,Y,NOAMP
91,H7,FALSE,CT0917,Te_mar,UNKNOWN,NED,NFQ-MGB,Undetermined,42.129,,,,,42.498,0.876,-3.869,81.325,TRUE,0.04,TRUE,3,44,Amp,,0,N,N,Y,Y,Y,NOAMP
91,H7,FALSE,CT0917,sasa,UNKNOWN,FAM,NFQ-MGB,Undetermined,,,,,,41.791,0.925,-4.71,63.054,TRUE,0.255,TRUE,3,33,No Amp,,0,N,N,N,Y,N,NOAMP
92,H8,FALSE,CT0917,Te_fin,UNKNOWN,VIC,NFQ-MGB,Undetermined,,,,,,44.952,0.901,-4.94,59.378,TRUE,0.04,TRUE,3,44,No Amp,,0,N,Y,Y,Y,Y,NOAMP
92,H8,FALSE,CT0917,Te_mar,UNKNOWN,NED,NFQ-MGB,Undetermined,42.129,,,,,42.498,0.876,-3.869,81.325,TRUE,0.04,TRUE,3,44,Amp,,0,N,N,Y,Y,Y,NOAMP
92,H8,FALSE,CT0917,sasa,UNKNOWN,FAM,NFQ-MGB,Undetermined,,,,,,41.791,0.925,-4.71,63.054,TRUE,0.255,TRUE,3,33,No Amp,,0,N,N,N,Y,N,NOAMP
93,H9,FALSE,CT0917,Te_fin,UNKNOWN,VIC,NFQ-MGB,Undetermined,,,,,,44.952,0.901,-4.94,59.378,TRUE,0.04,TRUE,3,44,No Amp,,0,N,Y,Y,Y,Y,NOAMP
93,H9,FALSE,CT0917,Te_mar,UNKNOWN,NED,NFQ-MGB,42.129,42.129,,1.245,1.245,,42.498,0.876,-3.869,81.325,TRUE,0.04,TRUE,3,33,No Amp,,0.26,N,N,Y,Y,N,AMP
93,H9,FALSE,CT0917,sasa,UNKNOWN,FAM,NFQ-MGB,Undetermined,,,,,,41.791,0.925,-4.71,63.054,TRUE,0.255,TRUE,3,33,No Amp,,0,N,N,N,Y,N,NOAMP
94,H10,FALSE,CT0837,Te_fin,UNKNOWN,VIC,NFQ-MGB,Undetermined,42.835,,,,,44.952,0.901,-4.94,59.378,TRUE,0.04,TRUE,3,37,No Amp,,0,N,N,Y,Y,N,NOAMP
94,H10,FALSE,CT0837,Te_mar,UNKNOWN,NED,NFQ-MGB,Undetermined,,,,,,42.498,0.876,-3.869,81.325,TRUE,0.04,TRUE,3,44,No Amp,,0,N,N,Y,Y,Y,NOAMP
94,H10,FALSE,CT0837,sasa,UNKNOWN,FAM,NFQ-MGB,36.581,36.513,0.096,12.774,13.212,0.62,41.791,0.925,-4.71,63.054,TRUE,0.255,TRUE,3,31,Amp,,0.979,N,N,N,N,N,AMP
95,H11,FALSE,CT0837,Te_fin,UNKNOWN,VIC,NFQ-MGB,42.835,42.835,,2.683,2.683,,44.952,0.901,-4.94,59.378,TRUE,0.04,TRUE,3,36,No Amp,,0.036,N,N,Y,Y,N,AMP
95,H11,FALSE,CT0837,Te_mar,UNKNOWN,NED,NFQ-MGB,Undetermined,,,,,,42.498,0.876,-3.869,81.325,TRUE,0.04,TRUE,3,44,No Amp,,0,N,N,Y,Y,Y,NOAMP
95,H11,FALSE,CT0837,sasa,UNKNOWN,FAM,NFQ-MGB,36.445,36.513,0.096,13.651,13.212,0.62,41.791,0.925,-4.71,63.054,TRUE,0.255,TRUE,3,31,Amp,,0.978,N,N,N,N,N,AMP
96,H12,FALSE,CT0837,Te_fin,UNKNOWN,VIC,NFQ-MGB,Undetermined,42.835,,,,,44.952,0.901,-4.94,59.378,TRUE,0.04,TRUE,3,44,No Amp,,0,N,Y,Y,Y,Y,NOAMP
96,H12,FALSE,CT0837,Te_mar,UNKNOWN,NED,NFQ-MGB,Undetermined,,,,,,42.498,0.876,-3.869,81.325,TRUE,0.04,TRUE,3,44,Amp,,0,N,N,Y,Y,Y,NOAMP
96,H12,FALSE,CT0837,sasa,UNKNOWN,FAM,NFQ-MGB,Undetermined,36.513,0.096,,,,41.791,0.925,-4.71,63.054,TRUE,0.255,TRUE,3,34,No Amp,,0,N,N,N,Y,N,NOAMP